id,client_name,client_address,billing_to,service_type,bill_description,ticket_id,created_date,emailed,comments,invoice_no,invoice_date
1,CIC Toronto,"155-2960 Drew Road,
Malton, Mississauga,ON L4T 0A5",,IT Services,Outlook & Storage Issue ($75.00/-),#21368,2024-11-26,Yes,,,
2,Supreme Wire Products Ltd.,"20 Newkirk Court, Unit 11, Brampton,
ON L6Z 0B5, Ontario",,IT Services,Troubleshooting & Assigned new Licenses to 8 email addresses.,#21320,2024-11-25,Yes,,,
3,Diamond Insurance Group,"60 Lacoste Blvd Unit 209-210 Brampton
ON L6P 4B5",,IT Services,"2 RDP + 2 Email + 2 DUO 
User:
- Aditya Goria
- Karandeep Singh",#21265,2024-11-25,Yes,,,
4,Diamond Insurance Group,"60 Lacoste Blvd Unit 209-210 Brampton
ON L6P 4B5",,IT Services,"1 Laptop - Asif'`s Team
Lenovo ThinkPad T480s
i7-8650U CPU RAM 16.0 GB HDD 250 GB NVMe
Serial Number : PC19DLEY",#21265,2024-11-25,Yes,,,
5,A Spec Precision,"6740 Davand Dr #2, Mississauga, ON L5T 2K9",,IT Services,"New Laptop, Data Migration , Email Migration & Data Transfer.
Laptop Details:-
Lenovo ThinkPad T480s
Serial Number PC15541J
i7-8650U CPU @ 1.90GHz, 2112 Mhz, 4 Core(s) 
RAM 16.0 GB HDD 512 GB NVMe",#20818,2024-11-20,Inv Created,,,
6,Diamond Insurance Group,"60 Lacoste Blvd Unit 209-210 Brampton
ON L6P 4B5",,IT Services,"1 Qty - Dell Laptop Latitude 5480 
S/N# 3KT0X2 
i5-6300U CPU @ 2.40GHz - HDD 256GB - (RAM) 16.0 GB

Username: dig\kulvir",#21155,2024-11-20,HandS Yes,,,
7,Diamond Insurance Group,"60 Lacoste Blvd Unit 209-210 Brampton
ON L6P 4B5",,IT Services,"1 Qty - Dell Laptop Latitude 7480 
S/N# GFKGPQ2 
i5-6300U CPU @ 2.40GHz - HDD 256GB - (RAM) 16.0 GB

New RDP + New Email + New DUO
Username: dig\irvinder",#21011,2024-11-15,HandS Yes,,,
8,Hi-End Diesel Truck Repair Inc.,"1123 Lorimar Dr, Mississauga, ON L5S 1M5",,IT Services,"Brother Printer Issue - Resolved Reception Desk
Model L5700DW Series",#20978,2024-11-13,HandS Yes,,,
9,Diamond Insurance Group,"60 Lacoste Blvd Unit 209-210 Brampton
ON L6P 4B5",,IT Services,"New RDP + Email + DUO
Username: 
dig\kulvir",#20850,2024-11-11,HandS Yes,,,
10,Diamond Insurance Group,"60 Lacoste Blvd Unit 209-210 Brampton
ON L6P 4B5",,IT Services,"1 Qty - Dell Laptop Latitude 7480 
S/N# 5B6M1N2
i5-6300U CPU @ 2.40GHz - HDD 256GB - (RAM) 16.0 GB

New RDPs + New Email + New DUO
Username: 
dig\mamoon
",#20771,2024-11-06,HandS Yes,,,
11,Gracious Hardwood Flooring Inc.,"106 Summerlea Rd, Brampton, ON L6T 5E5",,IT Services,Cisco Switch 48 Port Installed. Serial Number :- FOC1902Z1QT,#20781,2024-11-05,Yes,,,
12,Diamond Insurance Group,"60 Lacoste Blvd Unit 209-210 Brampton
ON L6P 4B5",,IT Services,"1 Qty - Dell Laptop Latitude 7480 S/N# 3QR4QQ2
1 Qty - Dell Laptop Latitude 7470 S/N# 4XB80G2

Configuration:-
i5-6300U CPU @ 2.40GHz - HDD 256GB SSD - (RAM) 16.0 GB",#20646,2024-11-01,Yes,Invoice to Diamond Insurance,,
13,Haulage North America,"473032 Dufferin County Rd 11 ,
Orangeville ON L9W 2Y9",,IT Services,"2 New VOIP Extensions setup:-
202 & 203 - INDIA",#20731,2024-11-04,Yes,,,
14,MSS MACHINING & FABRICATION,"286 Rutherford Rd S #4,
Brampton, ON L6W 3K7
905-230-0700",,IT Services,Data Backup to External HDD,#20549,2024-11-04,Yes,,,
15,Diamond Insurance Group,"60 Lacoste Blvd Unit 209-210 Brampton
ON L6P 4B5",,IT Services,"2 New RDPs + 2 Emails + 2 DUOs
Username: 
dig\sirat 
dig\manisha
",#20646,2024-11-01,Yes,,,
16,Diamond Insurance Group,"60 Lacoste Blvd Unit 209-210 Brampton
ON L6P 4B5",,IT Services,"2 New RDPs + 2 Emails + 2 DUOs 
Username: 
dig\amitesh 
dig\gurmeet1",#20626,2024-10-31,Yes,,,
17,Diamond Insurance Group,"60 Lacoste Blvd Unit 209-210 Brampton
ON L6P 4B5",,IT Services,"New Dell Laptop - User: Amitesh
SerialNumber : 6JVCRV2
System Model Latitude 7480
Processor Intel(R) Core(TM) i5-6200U CPU
Installed Physical Memory (RAM) 16.0 GB
",#20615,2024-10-30,Yes,"Send Invoice to 
“Diamond Insurance
",,
18,Diamond Insurance Group,"60 Lacoste Blvd Unit 209-210 Brampton
ON L6P 4B5",,IT Services,"Hardware Installed
1 (qty) - Cisco Switch 24 Port 
10 Patch Cables
3 (qty) - Dell LCD S2725H
S/N#
- 29THK04
- H8THK04
- H7THK04
5 (qty) - Dell Optiplex CPUs = i5 6th Gen 16 GB RAM 512 GB SSD
S/N#
- HV1QZV2
- 89KPCP2
- HV1RZV2
- HV0NZV2
- HV1NZV2",#20553,2024-10-29,Yes,"Send Invoice to Ravi Grewal
“2078359 Ontario Inc.
",,
19,Diamond Insurance Group,"60 Lacoste Blvd Unit 209-210 Brampton
ON L6P 4B5",,IT Services,"1 New RDP + Email + DUO
Username: dig\sahil1
C1Node99",#20297,2024-10-22,Yes,,,
20,Diamond Insurance Group,"60 Lacoste Blvd Unit 209-210 Brampton
ON L6P 4B5",,IT Services,"New Laptop - dig\sahil1

System Model Latitude 7480
Processor Intel(R) Core(TM) i5-6200U CPU
Installed Physical Memory (RAM) 16.0 GB
SerialNumber : DD3CYY2",#20297,2024-10-22,Yes,"Send Invoice to jas@dig.insure
Jasmeet Singh",,
21,Gracious Hardwood Flooring Inc.,"72 Devon Rd, Brampton, ON L6T 5B4",,IT Services,New RDP + DUO + QB = Nitin,#20395,2024-10-22,Yes,,,
22,Haulage North America,"473032 Dufferin County Rd 11 , Orangeville ON L9W 2Y9",,IT Services,New Domain &Email created : Referencechecks@hnagroup.ca,#20272,2024-10-22,Yes,,,
23,Diamond Insurance Group,"60 Lacoste Blvd Unit 209-210 Brampton
ON L6P 4B5",,IT Services,"Caledon insurance company (2days - 6 hrs). 

Pickup material from office. 
Find path for cable pull. 
Pulled 12 cables to designated location. 
Dressed the cable. 
Terminated both side and provided surface mount box.",#20296,2024-10-18,Yes,,,
24,Gracious Hardwood Flooring Inc.,"72 Devon Rd, Brampton, ON L6T 5B4",,IT Services,"Gracious (1 day - 8 hrs.)

Pulled cable for 2 camera’s in warehouse and 2 in office’s.
Terminated the cables.
Mounted the cameras on the wall.
Replaced the switch from first floor to reception.
Moved the punch clock machine from warehouse to reception.
Found the port for 2 camera’s in the warehouse house and connected it.
Fixed Anjali printer not working the port is loose.",#20293,2024-10-18,Yes,,,
25,Haulage North America,"473032 Dufferin County Rd 11 , Orangeville ON L9W 2Y9",,IT Services,"Orangeville (1day - 8 hrs.)

Pulled 3 cables from the server room to office and 2*lunch room.
Fished the cable down the wall.
Terminated with jacks and face plate with caddy.
Removed all the rj45 jacks and terminated with keystone jacks.
Created 6 patch to extend the cable and connect the switch to the router.
Mounted all the devices back onto the newly provided rack.
Replaced the patch cables with newly provided short patch cables.",#20292,2024-10-18,Yes,,,
26,Haulage North America,"473032 Dufferin County Rd 11 , Orangeville ON L9W 2Y9",,IT Services,New email rockwool@haulagenorthamerica.com,#20283,2024-10-18,Yes,,,
27,Sanjay Sharma,Smart Immigration,,IT Services,"Cabling job done by Ankit.

Smart immigration (1 day - 7 hrs.)

Toned and tested all the cables in main office.
Label all place and created a map for the same floor.
Removed the unwanted switches.
Traced the cable going from main office 204 to 207.
Reconnected the cable and made sure all devices in 204 and 207 worked before leaving.",#20295,2024-10-18,Yes,,,
28,Haulage North America,"473032 Dufferin County Rd 11 , Orangeville ON L9W 2Y9",,IT Services,New VOIP Ext 202 created for India - Kundan,#20233,2024-10-16,Yes,,,
29,Supreme Wire Products Ltd.,"20 Newkirk Ct Unit 11,
Brampton, ON L6Z 0J8",,IT Services,Windows 10 Installed and Data transferred,#19841,2024-10-16,Yes,,,
30,CIC Toronto,"155-2960 Drew Road, 
Malton, Mississauga,ON L4T 0A5",,IT Services,"1 Display to VGA converter And 1 New CPU details:-
Serial Number : 702HZV2
16 GB RAM , 1TB SSD +500 GBIntel(R) Core(TM) i7-8700 CPU @ 3.20GHz, 3192 Mhz, 6 Core(s), 12 Logical Processor(s).",#20214,2024-10-15,Yes,,,
31,Diamond Insurance Group,"60 Lacoste Blvd Unit 209-210 Brampton
ON L6P 4B5",,IT Services,"1 New RDP + DUO + Email
Username: dig\mohammad1
C1Node98",#20112,2024-10-11,Yes,,,
32,Diamond Insurance Group,"60 Lacoste Blvd Unit 209-210 Brampton
ON L6P 4B5",,IT Services,"1 New RDP + DUO + Email
Username: dig\khushwinder
C1Node97",#20077,2024-10-10,Yes,,,
33,Diamond Insurance Group,"60 Lacoste Blvd Unit 209-210 Brampton
ON L6P 4B5",,IT Services,2 Yealink power adapters collected by Dupinderpal Bhuttar,#20132,2024-10-09,Yes,,,
34,Diamond Insurance Group,"60 Lacoste Blvd Unit 209-210 Brampton
ON L6P 4B5",,IT Services,"1 New RDP + DUO
Username: dig\manpreet1
C1Node96",#20016,2024-10-08,Yes,,,
35,Haulage North America,"473032 Dufferin County Rd 11 , Orangeville ON L9W 2Y9",,IT Services,"1 Server + 5 RDPs + 5 DUO for Haulage India
Haulage SVR!
HNA1
HNA2
HNA3
HNA4
HNA5",#20925,2024-10-08,,,,
36,Haulage North America,"473032 Dufferin County Rd 11 , Orangeville ON L9W 2Y9",,IT Services,New email Support@haulagenorthamerica.com,#20014,2024-10-07,Yes,,,
37,Diamond Insurance Group,"60 Lacoste Blvd Unit 209-210 Brampton
ON L6P 4B5",,IT Services,"1 New RDP + Email + DUO
Username: dig\naveed
C1Node94",#19955,2024-10-04,Yes,,,
38,Diamond Insurance Group,"60 Lacoste Blvd Unit 209-210 Brampton
ON L6P 4B5",,IT Services,"1 New RDP +DUO Only (Email was created earlier)
Username: dig\sandeep
C1Node95",#19338,2024-10-04,Yes,,,
39,Diamond Insurance Group,"60 Lacoste Blvd Unit 209-210 Brampton
ON L6P 4B5",,IT Services,"Dell New Laptop - Harkaran Singh

System Model Latitude 7480
Processor Intel(R) Core(TM) i5-6200U CPU @ 2.30GHz, 2401 Mhz, 2 Core(s), 4 Logical Processor(s)
Installed Physical Memory (RAM) 16.0 GB
SerialNumber : 837DYY2",#19875,2024-10-02,Yes,"Invoice to be sent to Shahroz email
1000991334 Ontario Inc.
","CC detais:-
4520880064210048
exp : 11/24 CVC: 524
Address: 500Alden Road,
unit#210 Markham, ON, 
L3R 5H5",
40,Diamond Insurance Group,"60 Lacoste Blvd Unit 209-210 Brampton
ON L6P 4B5",,IT Services,"Dell New Laptop - Harkaran Singh

System Model Latitude 7480
Processor Intel(R) Core(TM) i5-6200U CPU @ 2.30GHz, 2401 Mhz, 2 Core(s), 4 Logical Processor(s)
Installed Physical Memory (RAM) 16.0 GB
SerialNumber : G2HBYY2",#19880,2024-10-02,Yes,"Invoice to be sent to Shahroz email
1000991334 Ontario Inc.
",,
41,MSS MACHINING & FABRICATION,"286 Rutherford Rd S #4,
Brampton, ON L6W 3K7
905-230-0700",,IT Services,"Canon Imagerunner2525 Network Printer setup. ( 1 hr. $100 + 13% = $113)
Installation done on 3 PCs.
PC Name: DESKTOP-5Q18MTA
PC Name: DESKTOP-UF2PJUR
PC Name: DESKTOP-DA8HHVJ",#19905,2024-10-02,Yes,,,
42,Gracious Lighting & Home Furnishing,"101 Devon Road, Brampton L6T5A4",,IT Services,3 Server HDD of capacity 600GB each Installed,#18220,2024-09-26,Yes,,,
43,MetroX,"13959 Airport Road, Caledon Ontario, L7C 2X6",,IT Services,"1 New Email:
Email ID: greg.robitaille@Metrox.ca",#19731,2024-09-26,Yes,,,
44,Diamond Insurance Group,"60 Lacoste Blvd Unit 209-210 Brampton
ON L6P 4B5",,IT Services,"New Laptop - Ravinder Singh

System Model Latitude 7480
Processor Intel(R) Core(TM) i5-6200U CPU @ 2.30GHz, 2401 Mhz, 2 Core(s), 4 Logical Processor(s)
Installed Physical Memory (RAM) 16.0 GB
SerialNumber : 5B6M1N2",#19651,2024-09-25,Yes,,,
45,Diamond Insurance Group,"60 Lacoste Blvd Unit 209-210 Brampton
ON L6P 4B5",,IT Services,"1 New RDP + Email + DUO
Username: dig\ravinder
C1Node93",#19651,2024-09-24,Yes,,,
46,Diamond Insurance Group,"60 Lacoste Blvd Unit 209-210 Brampton
ON L6P 4B5",,IT Services,"1 New RDP + Email + DUO
Username: dig\amandeep
C1Node92",#19522,2024-09-24,Yes,,,
47,Haulage North America,"473032 Dufferin County Rd 11 , Orangeville ON L9W 2Y9",,IT Services,"New Yealink T53 = 4 Qty
Serial Number 
301086G041006453 
301086G041006441 
301086G041009418 
301086G041009439",#19682,2024-09-24,Yes,,,
48,Diamond Insurance Group,"60 Lacoste Blvd Unit 209-210 Brampton
ON L6P 4B5",,IT Services,"2 New Emails created .
*Upload@dig.insure
*Endorsement@dig.insure",#19576,2024-09-23,Yes,,,
49,Diamond Insurance Group,"60 Lacoste Blvd Unit 209-210 Brampton
ON L6P 4B5",,IT Services,"1 New RDP + Email + DUO
Username: dig\komalpreet
C1Node91",#19531,2024-09-23,Yes,,,
50,Diamond Insurance Group,"60 Lacoste Blvd Unit 209-210 Brampton
ON L6P 4B5",,IT Services,"New Laptop - dig\komalpreet

System Model Latitude 7480
Processor Intel(R) Core(TM) i5-6200U CPU @ 2.30GHz, 2401 Mhz, 2 Core(s), 4 Logical Processor(s)
Installed Physical Memory (RAM) 16.0 GB
SerialNumber : FR3VNH2",#19531,2024-09-23,Yes,,,
51,MSS MACHINING & FABRICATION,"286 Rutherford Rd S #4,
Brampton, ON L6W 3K7
905-230-0700",,IT Services,"Description = 1 hr ($100+13% = $113)
Canon Imagerunner Printer Diagnose + Installation",#19584,2024-09-20,Yes,,,
52,CIC Toronto,"155-2960 Drew Road,
Malton, Mississauga,ON L4T 0A5",,IT Services,"Office 365 License installed.
Arshpartap Singh (CIC)
SerialNumber
2UA4041FQG
DESKTOP-8S5LK99",#19553,2024-09-19,Yes,,,
53,Hi-End Diesel Truck Repair Inc.,"1123 Lorimar Dr, Mississauga, ON L5S 1M5",,IT Services,"12 V Power adapter for Dell Monitor And
CPU - HP Compaq 82100 Elite
S/N: 2UA2032151
CPU : i5 - 20400CPU
8 GB RAM
128GB - SSD
500 GB - SATA",#19547,2024-09-19,Yes,,,
54,Diamond Insurance Group,"60 Lacoste Blvd Unit 209-210 Brampton
ON L6P 4B5",,IT Services,"1 New RDP + Email + DUO
Username: dig\Davinder
C1Node 88",#19108,2024-09-13,Yes,,,
55,Diamond Insurance Group,"60 Lacoste Blvd Unit 209-210 Brampton
ON L6P 4B5",,IT Services,"1 New RDP + Email + DUO
Username: dig\Vardeep
C1Node89",#19108,2024-09-13,Yes,,,
56,Diamond Insurance Group,"60 Lacoste Blvd Unit 209-210 Brampton
ON L6P 4B5",,IT Services,"1 New RDP + Email + DUO
Username: dig\neha
C1Node90",#19129,2024-09-13,Yes,,,
57,Haulage North America,"473032 Dufferin County Rd 11 , Orangeville ON L9W 2Y9",,IT Services,New Email: domtar@haulagenorthamerica.com,#19206,2024-09-13,Yes,,,
58,Haulage North America,"473032 Dufferin County Rd 11 , Orangeville ON L9W 2Y9",,IT Services,New VGA cable - (Prabhjot's PC),#19166,2024-09-12,Yes,,,
59,Haulage North America,"473032 Dufferin County Rd 11 , Orangeville ON L9W 2Y9",,IT Services,New VGA to display converter installed cable - (Harpreet's PC),#19190,2024-09-12,Yes,,,
60,Haulage North America,"473032 Dufferin County Rd 11 , Orangeville ON L9W 2Y9",,IT Services,"2 Yealink Devices:

Yealink Details of 1 SIP - T53
S/N: 201086F121004154 
MAC: 249AD8985C44

Yealink Device - 1 SIP T53: 
- S/N: 201086D051012425
- MAC: 805E0C2F4D01",#19076,2024-09-12,Yes,,,
61,Haulage North America,"473032 Dufferin County Rd 11 , Orangeville ON L9W 2Y9",,IT Services,"2 LCD Installed:

HP Compaq LA2306x Monitor
S/N: 3CQ3092RS0
Product No. XN 375A

HP Compaq LA2306x Monitor
S/N: 3CQ2480XT6
Product No. XN375A",#19075,2024-09-12,Yes,,,
62,Ankit (Diamond),Na,,IT Services,1 Dell Latitude Laptop Charger,#19078,2024-09-11,Yes,,,
63,Haulage North America,"473032 Dufferin County Rd 11 , Orangeville ON L9W 2Y9",,IT Services,"2 CPU's Installed:

CPU: 1 Dell Inc CPU
USER: Harpreet's PC
System Model: OptiPlex 7060
Processor: Intel(R) i7-8th Gen
(RAM): 16.0 GB
HDD: 1 TB NvMe + 1 TB HDD
RAM: 16GB
Service Tag Number: 702DZV2

CPU: 1 Dell Inc CPU
System Model: OptiPlex 7060
Processor: Intel(R) i7-8th Gen
(RAM): 16.0 GB
HDD: 1 TB NvMe + 500 GB HDD
Service Tag Number: 4T2YDW2",#19075,2024-09-09,Yes,,,
64,MetroX,"13959 Airport Road, Caledon Ontario, L7C 2X6",,IT Services,"Windows License Upgrade to Windows Pro
India - Guri Laptop
SerialNumber 5CD42607SP",#19067,2024-09-09,Yes,,,
65,Diamond Insurance Group,"60 Lacoste Blvd Unit 209-210 Brampton
ON L6P 4B5",,IT Services,"1 Renewed Dell Laptop + New RDP + Email + DUO
Username: dig\Harkaran
Node# 86

Dell Laptop Latitude 7480
Dell Laptop S/N: 8P338S2 (2018)
i5-6300U CPU @ 2.40GHz, 2496 Mhz, 2 Core(s), 4 Logical Processor(s)
(RAM) 16.0 GB
HDD 256GB",#18435,2024-09-03,Yes,,,
66,Diamond Insurance Group,"60 Lacoste Blvd Unit 209-210 Brampton
ON L6P 4B5",,IT Services,"1 Renewed Dell Laptop + New RDP + Email + DUO
Username: dig\shahroz
Node# 85

Dell Laptop Latitude 7480
Dell Laptop S/N: HBVYPQ2 (2018)
i5-6300U CPU @ 2.40GHz, 2496 Mhz, 2 Core(s), 4 Logical Processor(s)
(RAM) 16.0 GB
HDD 256GB",#18435,2024-09-03,Yes,,,
67,Diamond Insurance Group,"60 Lacoste Blvd Unit 209-210 Brampton
ON L6P 4B5",,IT Services,"1 New RDP + Email + DUO
Username: dig\ayushb
Node# 83",#18417,2024-08-30,Yes,,,
68,Diamond Insurance Group,"60 Lacoste Blvd Unit 209-210 Brampton
ON L6P 4B5",,IT Services,"1 New RDP + DUO
Username: dig\shubrai
Node# 84",#18398,2024-08-30,Yes,,,
69,Diamond Insurance Group,"60 Lacoste Blvd Unit 209-210 Brampton
ON L6P 4B5",,IT Services,"1 New RDP + 1 DUO +1 Email
Username: dig\sahil
Node# 82",#18355,2024-08-30,Yes,,,
70,Haulage North America,"473032 Dufferin County Rd 11 , Orangeville ON L9W 2Y9",,IT Services,"New Domain: Rendex Logistics
3 Email ID's Created:
dispatch@rendexlogistics.com 
safety@rendexlogistics.com 
accounting@rendexlogistics.com",#17141,2024-08-29,Yes,,,
71,Augmented Networks (Jaspreet),Na,,IT Services,"1 Dell CPU S/N: 4T2WDW2
Specifications: 16 GB RAM , 1TB SSD +500 GBIntel(R) Core(TM) i7-8700 CPU @ 3.20GHz, 3192 Mhz, 6 Core(s), 12 Logical Processor(s)

2 Connector Cables,
1 Power Cable,
1 Dell Keyboard,
1 Dell Mouse",#18383,2024-08-28,Yes,,,
72,Haulage North America,"473032 Dufferin County Rd 11 , Orangeville ON L9W 2Y9",,IT Services,"New Domain: Roadtrainxpress
3 Email ID's Created:
dispatch@roadtrainxpress.com 
dispatch@lionforcelogistics.com 
dispatch@roadwaytranshaul.com",#18395,2024-08-28,Yes,,,
73,Haulage North America,"473032 Dufferin County Rd 11 , Orangeville ON L9W 2Y9",,IT Services,"2 New Emails
iceriver@haulagenorthamerica.com 
mandy@haulagenorthamerica.com",#18278,2024-08-26,Yes,,,
74,Diamond Insurance Group,"60 Lacoste Blvd Unit 209-210 Brampton
ON L6P 4B5",,IT Services,"1 New RDP + 1 DUO +1 Email
Username: dig\gurpreet

+1 New Dell Laptop Latitude 7480
Dell Laptop S/N: B1FTNN2
i5-6300U CPU @ 2.40GHz, 2496 Mhz, 2 Core(s), 4 Logical Processor(s)
(RAM) 16.0 GB
HDD 256GB",#18185,2024-08-21,Yes,,,
75,Diamond Insurance Group,"60 Lacoste Blvd Unit 209-210 Brampton
ON L6P 4B5",,IT Services,1 Power Cable - (For User Dig\Ankit),#17920,2024-08-16,Yes,,,
76,Haulage North America,"473032 Dufferin County Rd 11 , Orangeville ON L9W 2Y9",,IT Services,New email dispatch@hnapharmalogistics.com,#18098,2024-08-16,Yes,,,
77,Diamond Insurance Group,"60 Lacoste Blvd Unit 209-210 Brampton
ON L6P 4B5",,IT Services,"1 New RDP + 1 DUO +1 Email
Username: dig\shilpa",#18037,2024-08-15,Yes,,,
78,Diamond Insurance Group,"60 Lacoste Blvd Unit 209-210 Brampton
ON L6P 4B5",,IT Services,"1 New RDP + 1 DUO +1 Email
Username: dig\vijeta

+1 New Dell Laptop Latitude 7480
Dell Laptop S/N: CDSSPQ2
i5-6300U CPU @ 2.40GHz, 2496 Mhz, 2 Core(s), 4 Logical Processor(s)
(RAM) 16.0 GB
HDD 256GB",#18044,2024-08-15,Yes,,,
79,Diamond Insurance Group,"60 Lacoste Blvd Unit 209-210 Brampton
ON L6P 4B5",,IT Services,New Email Only shubkaran@dig.insure,#18013,2024-08-14,,,,
80,Diamond Insurance Group,"60 Lacoste Blvd Unit 209-210 Brampton
ON L6P 4B5",,IT Services,1 Power Cable - Only,#18004,2024-08-13,Yes,,,
81,Diamond Insurance Group,"60 Lacoste Blvd Unit 209-210 Brampton
ON L6P 4B5",,IT Services,"1 New RDP + 1 DUO + 1 Email
Username: dig\amanpreet",#17920,2024-08-12,Yes,,,
82,Diamond Insurance Group,"60 Lacoste Blvd Unit 209-210 Brampton
ON L6P 4B5",,IT Services,"1 New Dell Laptop Latitude 7480
Dell Laptop S/N: 1VMNFH2
i5-6300U CPU @ 2.40GHz, 2496 Mhz, 2 Core(s), 4 Logical Processor(s)
(RAM) 16.0 GB
HDD 256GB",#17920,2024-08-12,Yes,,,
83,Gracious Hardwood Flooring Inc.,"72 Devon Rd, Brampton, ON L6T 5B4",,IT Services,New User: Diksha Rana - QB only,#17969,2024-08-12,Yes,,,
84,Haulage North America,"473032 Dufferin County Rd 11 , Orangeville ON L9W 2Y9",,IT Services,New User: Prabhjot kaur Rathore,#17768,2024-08-12,Yes,,,
85,Haulage North America,"473032 Dufferin County Rd 11 , Orangeville ON L9W 2Y9",,IT Services,New User: Anirudh,#17970,2024-08-12,Yes,,,
86,Diamond Insurance Group,"60 Lacoste Blvd Unit 209-210 Brampton
ON L6P 4B5",,IT Services,"2 LAPTOP'S: 
Laptop - Dell Latitude 7480 
Serial Number:
- JTH7RN2
- 3RJSNN2
· Operating System Windows 10 Pro 64-bit
· CPU Intel Core i5 6300U @ 2.40GHz 
· RAM 16.0GB Dual-Channel DDR4 @ 1064MHz",#17901 & 17852,2024-08-09,Yes,,,
87,Diamond Insurance Group,"60 Lacoste Blvd Unit 209-210 Brampton
ON L6P 4B5",,IT Services,"1 New RDP + 1 DUO + 1 Email
Username: dig\navdeep",#17901,2024-08-09,Yes,,,
88,Diamond Insurance Group,"60 Lacoste Blvd Unit 209-210 Brampton
ON L6P 4B5",,IT Services,"1 New RDP + 1 DUO + 1 Email
Username: dig\angad",#17852,2024-08-09,Yes,,,
89,Diamond Insurance Group,"60 Lacoste Blvd Unit 209-210 Brampton
ON L6P 4B5",,IT Services,"1 New RDP + 1 DUO + 1 Email
Username: dig\ankit",#17756,2024-08-09,Yes,,,
90,Diamond Insurance Group,"60 Lacoste Blvd Unit 209-210 Brampton
ON L6P 4B5",,IT Services,"1 New RDP + 1 DUO + 1 Email
Username: dig\Priya",#17651,2024-08-06,Yes,,,
91,Arthur Transport Company Inc.,"1750 Steeles Avenue East, Brampton ON L6T 1A4",,IT Services,"1 New RDP + 1 DUO
Username: Arthur\A6",#11940,2024-08-01,Yes,,,
92,Diamond Insurance Group,"60 Lacoste Blvd Unit 209-210 Brampton
ON L6P 4B5",,IT Services,"1 New RDP + 1 DUO + 1 Email
Username: dig\simarjeet",#17611,2024-07-31,Yes,,,
93,Diamond Insurance Group,"60 Lacoste Blvd Unit 209-210 Brampton
ON L6P 4B5",,IT Services,"3 New Laptop Details:- 
Laptop - Dell Latitude 7480 - Serial Number :
- J7K4QQ2
- G3LMHR2
- ServiceTag S/N:H6MNMQ2 (Bios S/N: 412CHR2)
· Operating System Windows 10 Pro 64-bit
· CPU Intel Core i5 6300U @ 2.40GHz 
· RAM 16.0GB Dual-Channel DDR4 @ 1064MHz",#17615,2024-07-30,Yes,,,
94,MetroX,"13959 Airport Road, Caledon Ontario, L7C 2X6",,IT Services,"1 Synology Server Setup:
- Synology - DS923+
- MAC 9009D05B253D
- MAC 9009D05B253E
- D/N - 2410TQR4G3GKG",#17612,2024-07-29,Yes,,,
95,MetroX,"13959 Airport Road, Caledon Ontario, L7C 2X6",,IT Services,"Onsite Visit for Internet Setup. 
- 3Hrs Serviced
(12:00noon - 3:00pm)",#17626,2024-07-29,Yes,,,
96,Gracious Hardwood Flooring Inc.,"72 Devon Rd, Brampton, ON L6T 5B4",,IT Services,NEW RDP Created + DUO (Jagruti),#17544,2024-07-26,,,,
97,Diamond Insurance Group,"60 Lacoste Blvd Unit 209-210 Brampton
ON L6P 4B5",,IT Services,"Ethernet Setup at New Office:
- 4x 18 meter Internet Cabling,
- 1 Cisco Switch
- 8 Ethernet Cables 
- 2 External ports
- 4 Ethernet Jack",#17610,2024-07-25,Yes,,,
98,Diamond Insurance Group,"60 Lacoste Blvd Unit 209-210 Brampton
ON L6P 4B5",,IT Services,"3 New RDP + 3 DUO + 3 Email
Username: dig\gautam, dig\navneet, dig\rupinder1",#17389,2024-07-25,Yes,,,
99,Diamond Insurance Group,"60 Lacoste Blvd Unit 209-210 Brampton
ON L6P 4B5",,IT Services,"1 New Laptop Details:- 
Laptop - Dell Latitude 7480 - Serial Number : B98P0N2
· Operating System Windows 10 Pro 64-bit 
· CPU Intel Core i5 6300U @ 2.40GHz 
· RAM 16.0GB Dual-Channel DDR4 @ 1064MHz",#17389,2024-07-25,Yes,,,
100,Diamond Insurance Group,"60 Lacoste Blvd Unit 209-210 Brampton
ON L6P 4B5",,IT Services,Sandeep Mann - Personal PC + 2 LCDs - Rajkaran handled the Payment,#14873,2024-07-24,Yes,,,
101,Diamond Insurance Group,"60 Lacoste Blvd Unit 209-210 Brampton
ON L6P 4B5",,IT Services,"New RDP + DUO + Email
Username: dig\jaspreet",#16925,2024-07-17,Yes,,,
102,Diamond Insurance Group,"60 Lacoste Blvd Unit 209-210 Brampton
ON L6P 4B5",,IT Services,"New RDP + DUO + Email
Username: dig\asim",#16009,2024-07-12,Yes,,,
103,Diamond Insurance Group,"60 Lacoste Blvd Unit 209-210 Brampton
ON L6P 4B5",,IT Services,"New RDP + DUO + Email
Username: dig\ritika",#16772,2024-07-12,Yes,,,
104,Diamond Insurance Group,"60 Lacoste Blvd Unit 209-210 Brampton
ON L6P 4B5",,IT Services,"2 New Laptops

Serial Number:-
9CPCST2
3MWS7S2

OS Name Microsoft Windows 10 Pro
System Model Latitude 7480
System Manufacturer Dell Inc.
Processor Intel(R) Core(TM) i5-6300U CPU @ 2.40GHz, 2496 Mhz, 2 Core(s), 4 Logical Processor(s)
Installed Physical Memory (RAM) 16.0 GB",#16831,2024-07-12,Yes,,,
105,Gracious Hardwood Flooring Inc.,"72 Devon Rd, Brampton, ON L6T 5B4",,IT Services,"3 Wireless New Devices + 1 New Base( Existing Exts 103; 104; 105)
All New Devices.
3 Yealink Wireless Phone W56
SN#- 8301523032519184
SN#- 8301523032520712
SN#- 8301523072500153
1 Yealink Base W70B:
SN#- 802017F072500695",#14866,2024-07-11,Yes,,,
106,Diamond Insurance Group,"60 Lacoste Blvd Unit 209-210 Brampton
ON L6P 4B5",,IT Services,"New Laptop + New RDP + New Email + New DUO

User: dig\damanjeet
Serial Number: 8T8NFH2
OS Name Microsoft Windows 10 Pro
System Model Latitude 7480
System Manufacturer Dell Inc.
Processor Intel(R) Core(TM) i5-6300U CPU @ 2.40GHz, 2496 Mhz, 2 Core(s), 4 Logical Processor(s)
Installed Physical Memory (RAM) 16.0 GB",#15038,2024-07-05,Yes,,,
107,Diamond Insurance Group,"60 Lacoste Blvd Unit 209-210 Brampton
ON L6P 4B5",,IT Services,"New RDP + DUO + Email
Username: dig\karman",#15117,2024-07-04,Yes,,,
108,Diamond Insurance Group,"60 Lacoste Blvd Unit 209-210 Brampton
ON L6P 4B5",,IT Services,"New RDP + DUO + Email
Username: dig\geetika",#15038,2024-06-27,Yes,,,
109,Diamond Insurance Group,"60 Lacoste Blvd Unit 209-210 Brampton
ON L6P 4B5",,IT Services,"New Laptop 

User: dig\geetika
Serial Number: CYLKHR2
OS Name Microsoft Windows 10 Pro
System Model Latitude 7480
System Manufacturer Dell Inc.
Processor Intel(R) Core(TM) i5-6300U CPU @ 2.40GHz, 2496 Mhz, 2 Core(s), 4 Logical Processor(s)
Installed Physical Memory (RAM) 16.0 GB",#15038,2024-06-27,Yes,,,
110,MetroX,"13959 Airport Road, Caledon Ontario, L7C 2X6",,IT Services,"1 VGA to display converter + New 3 CPUs.Dell OptiPlex
Serial Numbers:
702HZV2
CMV9ZV2
4T2WDW2

1 TB SSD + 500GB 
System Manufacturer Dell Inc.
System Model OptiPlex 7060
Processor Intel(R) Core(TM) i7-8700 CPU @ 3.20GHz, 3192 Mhz, 6 Core(s), 12 Logical Processor(s)
Installed Physical Memory (RAM) 16.0 GB",#14992,2024-06-26,Yes,,,
111,Diamond Insurance Group,"60 Lacoste Blvd Unit 209-210 Brampton
ON L6P 4B5",,IT Services,"New Laptop 

User: dig\kuljit 
Serial Number: 3MTRHM2
OS Name Microsoft Windows 10 Pro
System Model Latitude 7480
System Manufacturer Dell Inc.
Processor Intel(R) Core(TM) i5-6300U CPU @ 2.40GHz, 2496 Mhz, 2 Core(s), 4 Logical Processor(s)
Installed Physical Memory (RAM) 16.0 GB",#14970,2024-06-24,Yes,,,
112,Diamond Insurance Group,"60 Lacoste Blvd Unit 209-210 Brampton
ON L6P 4B5",,IT Services,"New Laptop + New RDP + New Email + New DUO

User: dig\kuldeep ( Reference Rupinderpal Bhuttar)
Serial Number: CD1CHR2
OS Name Microsoft Windows 10 Pro
System Model Latitude 7480
System Manufacturer Dell Inc.
Processor Intel(R) Core(TM) i5-6300U CPU @ 2.40GHz, 2496 Mhz, 2 Core(s), 4 Logical Processor(s)
Installed Physical Memory (RAM) 16.0 GB",#14883,2024-06-24,Yes,,,
113,Diamond Insurance Group,"60 Lacoste Blvd Unit 209-210 Brampton
ON L6P 4B5",,IT Services,"New Laptop + New RDP + New Email + New DUO

User: dig\Urvashi ( Reference Jasmeet Singh)

Serial Number: BR5XPQ2
OS Name Microsoft Windows 10 Pro
System Model Latitude 7480
System Manufacturer Dell Inc.
Processor Intel(R) Core(TM) i5-6300U CPU @ 2.40GHz, 2496 Mhz, 2 Core(s), 4 Logical Processor(s)
Installed Physical Memory (RAM) 16.0 GB",#14911,2024-06-24,Yes,,,
114,Diamond Insurance Group,"60 Lacoste Blvd Unit 209-210 Brampton
ON L6P 4B5",,IT Services,"New RDP + DUO + Email
Username: dig\sanjeev",#14926,2024-06-24,Yes,,,
115,Diamond Insurance Group,"60 Lacoste Blvd Unit 209-210 Brampton
ON L6P 4B5",,IT Services,"New RDP + DUO + Email
Username: dig\kuljit",#14792,2024-06-19,Yes,,,
116,MetroX,"13959 Airport Road, Caledon Ontario, L7C 2X6",,IT Services,"2 New Workstations + 1 HDMI to Display converter.

Details:- 

S/N# 7TW9FB2
S/N# 98K9RD2

Installed Physical Memory (RAM) 32.0 GB
SSD - HDD 2 TB
System Manufacturer Dell Inc.
System Model Precision Tower 5810
Processor Intel(R) Xeon(R) CPU E5-1620 v3 @ 3.50GHz, 3501 Mhz, 4 Core(s), 8 Logical Processor(s)",#14822,2024-06-19,Yes,,,
117,Roadies Logistics and Shunt Services,"1106 Cardiff Blvd, Mississauga, ON L5S 1P3",,IT Services,"1 New SIP - T53 Yealink (Ext. 102)
? S/N# 201086F121004247 - MAC# 249AD898583D",#14787,2024-06-18,Yes,,,
118,Roadies Logistics and Shunt Services,"1106 Cardiff Blvd, Mississauga, ON L5S 1P3",,IT Services,"1 New SIP - T53 Yealink (Ext. 103)
? S/N# 201086F121002954 - MAC# 249AD8985847",#14786,2024-06-18,Yes,,,
119,Haulage North America,"473032 Dufferin County Rd 11 , Orangeville ON L9W 2Y9",,IT Services,New User - Balvinder,#14642,2024-06-13,Yes,,,
120,MetroX,"13959 Airport Road, Caledon Ontario, L7C 2X6",,IT Services,New User - Arun (India),#14646,2024-06-13,Yes,,,
121,MetroX,"13959 Airport Road, Caledon Ontario, L7C 2X6",,IT Services,New User - Jagdev (India),#14586,2024-06-13,Yes,,,
122,Haulage North America,"473032 Dufferin County Rd 11 , Orangeville ON L9W 2Y9",,IT Services,New Email - SUSTANA Email Account Created,#14580,2024-06-12,Yes,,,
123,MetroX,"13959 Airport Road, Caledon Ontario, L7C 2X6",,IT Services,New user + Email setup (Jamie Fraresso),#14555,2024-06-11,Yes,,,
124,Haulage North America,"473032 Dufferin County Rd 11 , Orangeville ON L9W 2Y9",,IT Services,New User Lakhvir Kaur,#14556,2024-06-10,Yes,,,
125,Haulage North America,"473032 Dufferin County Rd 11 , Orangeville ON L9W 2Y9",,IT Services,New User Balvinder Singh,#14557,2024-06-10,Yes,,,
126,Haulage North America,"473032 Dufferin County Rd 11 , Orangeville ON L9W 2Y9",,IT Services,New User Kevin Becker,#14440,2024-06-06,Yes,,,
127,Haulage North America,"473032 Dufferin County Rd 11 , Orangeville ON L9W 2Y9",,IT Services,"Additional cables and connectors used>
• 1 DVI cable + 1 VGA cable + 1 HDMI cable
• 1 dvi to Display Converter 
• 1 USB cable for Printer
• 1 HDMI to Display Converter",#14294,2024-06-05,Yes,,,
128,Haulage North America,"473032 Dufferin County Rd 11 , Orangeville ON L9W 2Y9",,IT Services,"1 New Monitor/ LCD - 21.5
DELL - P2219H
S/N: CN-0V7JP5-QDC00-83-5L0U-A03",#14294,2024-06-05,Yes,,,
129,Haulage North America,"473032 Dufferin County Rd 11 , Orangeville ON L9W 2Y9",,IT Services,"New CPU 2 Quantity details:
HDD 256 GB NvMe + 500 GB 
SerialNumber MXL746213P 
SerialNumber 2UA7391WB4
System Model HP EliteDesk 800 G3 SFF
Processor Intel(R) Core(TM) i7-6700 CPU @ 3.40GHz, 3408 Mhz, 4 Core(s), 8 Logical Processor(s)
Installed Physical Memory (RAM) 16.0 GB",#14294,2024-06-05,Yes,,,
130,Haulage North America,"473032 Dufferin County Rd 11 , Orangeville ON L9W 2Y9",,IT Services,"New Business Number = 12892012645
New Extension = 201",#14294,2024-06-05,Yes,,,
131,Haulage North America,"473032 Dufferin County Rd 11 , Orangeville ON L9W 2Y9",,IT Services,"New Yealink T53 - 1 Quantity
Serial # 201086F121002329",#14294,2024-06-05,Yes,,,
132,Ontario Transway,"2020 Clark Blvd. Unit # 1B
Brampton ON, L6T 5R4",,IT Services,"3 New T54W Units + 3 New Extensions ( 109, 110, 111)
SERIAL NUMBER MAC
301081G011202884 249AD8A524C8
201081F051207090 249AD8800E3B
201081F051208231 249AD88026A9",#14101,2024-06-05,,,,
133,Diamond Insurance Group,"60 Lacoste Blvd Unit 209-210 Brampton
ON L6P 4B5",,IT Services,"New RDP + DUO + Email
Username: dig\shruti",#14272,2024-05-31,Yes,,,
134,Diamond Insurance Group,"60 Lacoste Blvd Unit 209-210 Brampton
ON L6P 4B5",,IT Services,"New RDP + DUO + Email
Username: dig\saurav",#14209,2024-05-29,Yes,,,
135,Gracious Hardwood Flooring Inc.,"72 Devon Rd, Brampton, ON L6T 5B4",,IT Services,"2 New RDP + DUO + QB
gracious\karanvir
gracious\vani",#14195,2024-05-27,Yes,,,
136,Hi-End Diesel Truck Repair Inc.,"1123 Lorimar Dr, Mississauga, ON L5S 1M5",,IT Services,"Time 1 hr. (12:25pm - 1:05pm)
Onsite Printer Install
HP OfficeJet 8710.
Credit Card information provided to Rajkaran for Billing.",#14143,2024-05-27,Yes,,,
137,Diamond Insurance Group,"60 Lacoste Blvd Unit 209-210 Brampton
ON L6P 4B5",,IT Services,"New Laptop = 5 Quantity
- SerialNumber 2TTWPQ2
- SerialNumber G8LSNN2
- SerialNumber D3Q26M2
- SerialNumber 7YNT7S2
- SerialNumber DHHTRQ2

Specifications:-
System Manufacturer Dell Inc.
System Model Latitude 7480
Processor Intel(R) Core(TM) i5-6300U CPU @ 2.40GHz, 2496 Mhz, 2 Core(s), 4 Logical Processor(s)
Installed Physical Memory (RAM) 16.0 GB
OS Name Microsoft Windows 10 Pro
HDD 256 GB SSD",#13738,2024-05-16,Yes,,,
138,Diamond Insurance Group,"60 Lacoste Blvd Unit 209-210 Brampton
ON L6P 4B5",,IT Services,"New RDP + DUO + Email
Username: dig\gurmeet",#13748,2024-05-15,Yes,,,
139,Diamond Insurance Group,"60 Lacoste Blvd Unit 209-210 Brampton
ON L6P 4B5",,IT Services,"New RDP + DUO + Email
Username: dig\muqadas",#13776,2024-05-15,Yes,,,
140,Diamond Insurance Group,"60 Lacoste Blvd Unit 209-210 Brampton
ON L6P 4B5",,IT Services,"New RDP + DUO + Email
Username: dig\ditiya",#13842,2024-05-15,Yes,,,
141,Diamond Insurance Group,"60 Lacoste Blvd Unit 209-210 Brampton
ON L6P 4B5",,IT Services,"New RDP + DUO + Email
Username: dig\harmanjeet",#13744,2024-05-15,Yes,,,
142,Diamond Insurance Group,"60 Lacoste Blvd Unit 209-210 Brampton
ON L6P 4B5",,IT Services,"New RDP + DUO + Email
Username: dig\lovedeep",#13829,2024-05-15,Yes,,,
143,Diamond Insurance Group,"60 Lacoste Blvd Unit 209-210 Brampton
ON L6P 4B5",,IT Services,"Office 365 License on Preeti Sidhu personal Laptop
Credit Card info provided to Rajkaran already.",#13839,2024-05-13,Yes,,,
144,Gracious Hardwood Flooring Inc.,"72 Devon Rd, Brampton, ON L6T 5B4",,IT Services,"12:45pm - 1:15pm - 30 minutes Onsite
VOIP base units relocation to reception area.",#13785,2024-05-10,Yes,,,
145,Ontario Transway,"2020 Clark Blvd. Unit # 1B
Brampton ON, L6T 5R4",,IT Services,"Time 1 hour: 11:30am - 12:30 pm- 1st Sun Pac Survey
Went to Clark Office and brought 2 VOIPs
to be setup in Sun Pac.",#13524,2024-05-10,Yes,,,
146,Diamond Insurance Group,"60 Lacoste Blvd Unit 209-210 Brampton
ON L6P 4B5",,IT Services,"2 Dell Laptop Details:- Latitude 7480
Serial Number F30MJM2
Serial Number 296H3M2
Installed Physical Memory (RAM) 16.0 GB
HDD 256 SSD
Processor Intel(R) Core(TM) i5-6300U CPU @ 2.40GHz, 2496 Mhz, 2 Core(s), 4 Logical Processor(s)",#13021,2024-05-06,Yes,,,
147,Gracious Hardwood Flooring Inc.,"72 Devon Rd, Brampton, ON L6T 5B4",,IT Services,"Onsite Visit 1.5 Hours
New Hardware Used
#13567 HDMI to Display Converter = 1 Qty

Multiple tickets closed
#13715 Re-organised cables at Sales Counter
#13714 2 Wireless Base shifted to Server Room.
#13567 2 CPUs not displaying anything.",#13567,2024-05-06,Yes,,,
148,Gracious Hardwood Flooring Inc.,"72 Devon Rd, Brampton, ON L6T 5B4",,IT Services,"New RDP + DUO
gracious\kruti",#13659,2024-05-03,Yes,,,
149,Gracious Hardwood Flooring Inc.,"72 Devon Rd, Brampton, ON L6T 5B4",,IT Services,"New RDP + DUO + QB
gracious\arpan",#13611,2024-05-03,Yes,,,
150,Gracious Hardwood Flooring Inc.,"72 Devon Rd, Brampton, ON L6T 5B4",,IT Services,"New VOIP Extension 204
New 1 IP DECT Phone W56H Cordless
S/N# 8301523042505549",#13229,2024-05-03,Yes,,,
151,Gracious Hardwood Flooring Inc.,"72 Devon Rd, Brampton, ON L6T 5B4",,IT Services,Onsite 5:30pm - 6:30pm 1 Exisiting Workstation Setup (Arpan),#13587,2024-05-02,Yes,,,
152,Haulage North America,"473032 Dufferin County Rd 11 , Orangeville ON L9W 2Y9",,IT Services,New user + New Email - Matt,#12726,2024-05-02,Yes,,,
153,Gracious Hardwood Flooring Inc.,"72 Devon Rd, Brampton, ON L6T 5B4",,IT Services,"New RDP + DUO + QB
gracious\asim",#13542,2024-04-30,Yes,,,
154,Haulage North America,"473032 Dufferin County Rd 11 , Orangeville ON L9W 2Y9",,IT Services,"2 New Devices + 1 New Extension 129 + 1 Exisitng Extension 102 Used
Travel 2 hrs Onsite 1 hr. - Other tickets resolved.(13543, 13520,13237,13555)
New Devices:- 
1 Yealink T54W
1 Yealink T53",#13185,2024-04-30,Yes,,,
155,Ontario Transway,"2020 Clark Blvd. Unit # 1B
Brampton ON, L6T 5R4",,IT Services,New Spiral Phone Cord - Yealink,#13451,2024-04-29,Yes,,,
156,Gracious Hardwood Flooring Inc.,"72 Devon Rd, Brampton, ON L6T 5B4",,IT Services,"New RDP + DUO + QB
gracious\samriti",#13454,2024-04-26,Yes,,,
157,Gracious Hardwood Flooring Inc.,"72 Devon Rd, Brampton, ON L6T 5B4",,IT Services,"New RDP + DUO + QB
gracious\balraj",#13428,2024-04-24,Yes,,,
158,Gracious Hardwood Flooring Inc.,"72 Devon Rd, Brampton, ON L6T 5B4",,IT Services,"New RDP + DUO + QB
gracious\aditya",#13429,2024-04-24,Yes,,,
159,Diamond Insurance Group,"60 Lacoste Blvd Unit 209-210 Brampton
ON L6P 4B5",,IT Services,"New RDP + DUO + Email
Username: dig\simran",#13202,2024-04-23,Yes,,,
160,GT Bolton Inc.,"12155 Coleraine Dr, Bolton, ON L7E 3A9",,IT Services,New RDP + DUO gtbolton\accounts2,#13298,2024-04-23,Yes,,,
161,Gracious Hardwood Flooring Inc.,"72 Devon Rd, Brampton, ON L6T 5B4",,IT Services,"New VOIP Extension 203
New 1 IP DECT Phone W56H Cordless
S/N# 8301523032514342",#13229,2024-04-22,Yes,,,
162,Gracious Hardwood Flooring Inc.,"72 Devon Rd, Brampton, ON L6T 5B4",,IT Services,"Onsite = 3 Hours (2:30 pm - 5:30 pm) 
Location 106 SummerLea

- (#13386)
2 New Workstations setup done, 2 LCD were brought by the client.
2 HDMI to Display Converters Installed.
2 x CPU Details:
System Model HP EliteDesk 800 G3 SFF
Processor Intel(R) Core(TM) i7-6700 CPU @ 3.40GHz Processor(s)
Installed Physical Memory (RAM) 16.0 GB
HDD : 256 GB SSD + 500 GB..
Serial Number= 2UA7391WBM
Serial Number= 2UA7391WBX

-(#13403)
HP - Local Printer Install.

-(#13381)
2 New VOIP Extensions = 111 & 112
2 New Hardware = Yealink T54W Installed.",Multiple Tickets,2024-04-22,Yes,,,
163,Gracious Hardwood Flooring Inc.,"72 Devon Rd, Brampton, ON L6T 5B4",,IT Services,"Onsite = 1 Hour (9:40 am - 10:40 am) - With Frank (#13318)
Took all the measurements of Pancake Moulding and Frank made a note of that.",#13318,2024-04-19,Yes,,,
164,Gracious Hardwood Flooring Inc.,"72 Devon Rd, Brampton, ON L6T 5B4",,IT Services,"Onsite 2 Visits = 1.5 Hours
12:15pm - 1:00pm (#13300)
Location 106 SummerLea
Went onsite to set up 2nd workstation for Sahil.
Managed to get CPU and Monitor but no keyboard, no mouse, no display cable onsite to be installed.
Onsite Visit April 18,2024 5:30pm - 6:00pm (#13300)
Brought from TechOffice - Keyboard, VGA cable and mouse installed for Sahil.",#13300,2024-04-18,Yes,,,
165,Gracious Hardwood Flooring Inc.,"72 Devon Rd, Brampton, ON L6T 5B4",,IT Services,"Onsite 1.5 Hour. 9:30am - 11:00am 
Location 106 SummerLea
Anjali Kamboj PC move from warehouse office to 1st floor in Accounts office.
PC move from Sales Desk to Warehouse Office.",#13302,2024-04-17,Yes,,,
166,Gracious Hardwood Flooring Inc.,"72 Devon Rd, Brampton, ON L6T 5B4",,IT Services,"Onsite 9:00AM - 1:00PM = 4 Hours
Location 106 SummerLea
Anjali Rana - MAC Setup + Printer Install. (#13216)
Anjali Kamboj - Office License Install (#13209)
Jimmy Wokstation setup - incomplete due to missing hardwares. (#13215)
Workstation swap from Sales desk to Warehouse Cabin. (#13208)
Varinder Rana Workstation Setup (#13217)
Sahil Workstation setup + RDP + QB File linking - Sahil (#13183)",Multiple Tickets,2024-04-16,Yes,,,
167,Gracious Hardwood Flooring Inc.,"72 Devon Rd, Brampton, ON L6T 5B4",,IT Services,"Onsite 1 Hour. 5:40PM - 6:45PM 
Location 106 SummerLea
Jimmy Wokstation setup(#13215)",#13215,2024-04-16,Yes,,,
168,Diamond Insurance Group,"60 Lacoste Blvd Unit 209-210 Brampton
ON L6P 4B5",,IT Services,"4 Dell Laptop Details:- Latitude 7480
Serial Number 40VNJM2
Serial Number 81NJHM2
Serial Number B2WJPQ2
Serial Number GXR4QQZ
Installed Physical Memory (RAM) 16.0 GB
HDD 256 SSD
Processor Intel(R) Core(TM) i5-6300U CPU @ 2.40GHz, 2496 Mhz, 2 Core(s), 4 Logical Processor(s)
System Model Latitude 7480",#13021,2024-04-15,Yes,,,
169,Diamond Insurance Group,"60 Lacoste Blvd Unit 209-210 Brampton
ON L6P 4B5",,IT Services,"New 2 RDP + 2 DUO + 2 Email
Username: dig\lovepreet & dig\jasmeen",#13105,2024-04-15,Yes,,,
170,Gracious Hardwood Flooring Inc.,"72 Devon Rd, Brampton, ON L6T 5B4",,IT Services,Office License - Jagruti,#13183,2024-04-15,Yes,,,
171,Gracious Hardwood Flooring Inc.,"72 Devon Rd, Brampton, ON L6T 5B4",,IT Services,"Onsite time = 5 hrs - 6:00pm - 11:00pm Brought New Router from Oshawa - Configured MicroTik Router & Installed.
Installed 2 Workstations 4 Phones, 2 Wireless Base + 4 Cordless
2 Network Printers configured and installed for all PCs in Reception.
All RDPs on 7 Workstations setup completed
1 Workstation + Printer setup done for Jagruti.",#13224,2024-04-14,Yes,,,
172,Gracious Hardwood Flooring Inc.,"72 Devon Rd, Brampton, ON L6T 5B4",,IT Services,"2:00pm - 10:00pm (#13223) (#13220)
Onsite Hours 8hrs.
Location 106 SummerLea
2 - Cisco Catalyst 2960 X Series Installed.
40 - Cat 6 Cable 6 Inches Patch Cables
Installed 5 workstations and 1 network printer.
Retrieved missing accessories and 2 additional workstations from the warehouse.",#13223,2024-04-13,Yes,,,
173,Gracious Hardwood Flooring Inc.,"72 Devon Rd, Brampton, ON L6T 5B4",,IT Services,"Onsite Hours 3 Hours - 5:30 pm - 8:30pm
Location 106 SummerLea
Conducted a site survey regarding Rogers fiber circuit.
Reviewed client's email regarding required equipment and internet speed + With client 
as he was on phone for the Rogers Support to discuss further.
Set up 2 workstations - Devon Road:
1 workstation relocated from warehouse to showroom.
1 workstation relocated from Anjali Desk on the 1st floor to the sales counter desk.",#13222,2024-04-12,Yes,,,
174,Gracious Hardwood Flooring Inc.,"72 Devon Rd, Brampton, ON L6T 5B4",,IT Services,"Onroad 1 hr.
Went to RTC to purchase the Patch Panel 6 Cables.",#13379,2024-04-12,Yes,,,
175,Diamond Insurance Group,"60 Lacoste Blvd Unit 209-210 Brampton
ON L6P 4B5",,IT Services,"New RDP + DUO + Email
Username: dig\arshdeep",#13071,2024-04-11,Yes,,,
176,Gracious Hardwood Flooring Inc.,"72 Devon Rd, Brampton, ON L6T 5B4",,IT Services,"Onsite Survey:- 1 Hour
Speed was very slow 20Mbps download and 0.5mbps upload. That was only active internet available.",#13221,2024-04-11,Yes,,,
177,Haulage North America,"473032 Dufferin County Rd 11 , Orangeville ON L9W 2Y9",,IT Services,"2 New Extensions has been created .
• x 127 for Ritika
• x 128 for Harry",#13074,2024-04-10,Yes,,,
178,Haulage North America,"473032 Dufferin County Rd 11 , Orangeville ON L9W 2Y9",,IT Services,"New 1 CPU + 2 LCD + 1HDMI cable + HDMI to Display converter.

CPU :-
HP EliteDesk 800 G3 SFF
(RAM) 16.0 GB
i7-6700 CPU @ 3.40GHz, 3408 Mhz, 4 Core(s), 8 Logical Processor(s)
256GB(SSD) + 500GB
SerialNumber: 2UA7262VCM

2 Dell LCD 23 Model = Dell p2319h
1HDMI cable 
1 HDMI to Display converter installed",#13048,2024-04-10,Yes,,,
179,Haulage North America,"473032 Dufferin County Rd 11 , Orangeville ON L9W 2Y9",,IT Services,New User joined Nirav - support/setup #13048,#13079,2024-04-10,Yes,,,
180,Haulage North America,"473032 Dufferin County Rd 11 , Orangeville ON L9W 2Y9",,IT Services,New 1 Display Port cable installed. Lavjeet Singh Desk - DUAL screen,#13075,2024-04-10,Yes,,,
181,Diamond Insurance Group,"60 Lacoste Blvd Unit 209-210 Brampton
ON L6P 4B5",,IT Services,"New RDP + DUO + Email
Username: dig\kdhawan",#12878,2024-04-08,Yes,,,
182,Diamond Insurance Group,"60 Lacoste Blvd Unit 209-210 Brampton
ON L6P 4B5",,IT Services,"New RDP + DUO + Email
Username: dig\bsidhu",#12939,2024-04-08,Yes,,,
183,Diamond Insurance Group,"60 Lacoste Blvd Unit 209-210 Brampton
ON L6P 4B5",,IT Services,"New RDP + DUO + Email
Username: dig\harsimrat",#12972,2024-04-08,Yes,,,
184,Haulage North America,"473032 Dufferin County Rd 11 , Orangeville ON L9W 2Y9",,IT Services,New user - Ritika (Safety Department) - New email created,#13029,2024-04-08,Yes,,,
185,Haulage North America,"473032 Dufferin County Rd 11 , Orangeville ON L9W 2Y9",,IT Services,New user - Lavjeet Singh (Safety Department),#13028,2024-04-08,Yes,,,
186,MSS MACHINING & FABRICATION,"286 Rutherford Rd S #4,
Brampton, ON L6W 3K7
905-230-0700",,IT Services,"Location - 1075 LORIMAR DRIVE
Virus Infected PC - HIGH Severity
SerialNumber : 2UA7391WC2
Complete clean up.",#12513,2024-03-20,Yes,,,
187,Diamond Insurance Group,"60 Lacoste Blvd Unit 209-210 Brampton
ON L6P 4B5",,IT Services,"New RDP + DUO + Email
Username: dig\ksharma",#11955,2024-03-05,Yes,,,
188,Gracious Hardwood Flooring Inc.,"72 Devon Rd, Brampton, ON L6T 5B4",,IT Services,"2 Black Cartridges
PRINTER DETAILS: Toshiba E-STUDIO3505AC
Location: Warehouse",#11238,2024-02-29,Yes,,,
189,Haulage North America,"473032 Dufferin County Rd 11 , Orangeville ON L9W 2Y9",,IT Services,"New Hardware Installed:-
1 - Cisco Catalyst 2960-X Series Switch
24 - Cat5E Cables Orange 7 Feet (Patch panel to switch)",#11956,2024-02-28,Yes,,,
190,MSS MACHINING & FABRICATION,"286 Rutherford Rd S #4,
Brampton, ON L6W 3K7
905-230-0700",,IT Services,"Location - 1075 LORIMAR DRIVE
Onsite visit for MS - Office Support.
Time = 1.5 hrs.
Customer Sign off sheet collected.",#11846,2024-02-22,Yes,,,
191,MSS MACHINING & FABRICATION,"286 Rutherford Rd S #4,
Brampton, ON L6W 3K7
905-230-0700",,IT Services,"Location - 1075 LORIMAR DRIVE
New Install - 1 CPU + 2 LCD Dell 27 S2721H + 1 HDMI to Display Converter 
Onsite Time - 1 Hour.
CPU Details:-
System Model HP EliteDesk 800 G1 SFF
Processor Intel(R) Core(TM) i7-4790 CPU @ 3.60GHz, 3601 Mhz, 4 Core(s), 8 Logical Processor(s)
SerialNumber : 2UA7391WC2
Installed Physical Memory (RAM) 16.0 GB
HDD : 256 GB SSD + 500 GB.",#11838,2024-02-21,Yes,,,
192,Qliq Inc.,"130 Matheson Blvd E #1, Mississauga, ON L4Z 1V4",,IT Services,New UPS Installed - EATON,#11818,2024-02-16,Yes,,,
193,CIC Toronto,"155-2960 Drew Road,
Malton, Mississauga,ON L4T 0A5",,IT Services,"Adobe DC Pro installed 
User:- Baljeet
System Name SIMRAN-PC
System Manufacturer LENOVO
System Model 2756BW3
SerialNumber - MJWCZKH",#11603,2024-02-09,Yes,,,
194,MetroX,"13959 Airport Road, Caledon Ontario, L7C 2X6",,IT Services,"Office 365 License installed 
User:- Bhavdeep PC",#11612,2024-02-09,Yes,,,
195,CIC Toronto,"155-2960 Drew Road,
Malton, Mississauga,ON L4T 0A5",,IT Services,"Office 365 License installed 
User:- Baljeet
System Name SIMRAN-PC
System Manufacturer LENOVO
System Model 2756BW3
SerialNumber - MJWCZKH",#11582,2024-02-08,Yes,,,
196,Diamond Insurance Group,"60 Lacoste Blvd Unit 209-210 Brampton
ON L6P 4B5",,IT Services,"New RDP + DUO + Email
Username: dig\hmahmood",#11383,2024-02-07,Yes,,,
197,Diamond Insurance Group,"60 Lacoste Blvd Unit 209-210 Brampton
ON L6P 4B5",,IT Services,"User: Jasmeet Singh
Laptop:-Dell Latitude 7480
SerialNumber : 4JGWPQ2
OS Name Microsoft Windows 10 Pro
Intel(R) Core(TM) i5-6300U CPU @ 2.40GHz, 2496 Mhz
256 GB -SSD + (RAM) 16.0 GB",#11512,2024-02-06,Yes,,,
198,Diamond Insurance Group,"60 Lacoste Blvd Unit 209-210 Brampton
ON L6P 4B5",,IT Services,Onsite Visit - Windows Install - Viren PC,#11492,2024-02-02,Yes,,,
199,MetroX,"13959 Airport Road, Caledon Ontario, L7C 2X6",,IT Services,Office 365 License Installed - India PC,#11497,2024-02-01,Yes,,,
200,Diamond Insurance Group,"60 Lacoste Blvd Unit 209-210 Brampton
ON L6P 4B5",,IT Services,"User: Hamza Mahmood
Laptop:-Dell Latitude 7480
SerialNumber : 73X1QQ2
OS Name Microsoft Windows 10 Pro
Intel(R) Core(TM) i5-6300U CPU @ 2.40GHz, 2496 Mhz
256 GB -SSD + (RAM) 16.0 GB",#11253,2024-01-30,Yes,,,
201,Diamond Insurance Group,"60 Lacoste Blvd Unit 209-210 Brampton
ON L6P 4B5",,IT Services,"New RDP + DUO + Email
Username: dig\manpreet",#11345,2024-01-30,Yes,,,
202,Diamond Insurance Group,"60 Lacoste Blvd Unit 209-210 Brampton
ON L6P 4B5",,IT Services,"New RDP + DUO + Email
Username: dig\jasmeet",#11191,2024-01-23,Yes,,,
203,Arthur Transport Company Inc.,"1750 Steeles Avenue East, Brampton ON L6T 1A4",,IT Services,2 Power Adapters of Phones + 1 Mini Switch (4port) Installed.onsite.,#11031,2024-01-17,Yes,,,
204,Haulage North America,"473032 Dufferin County Rd 11 , Orangeville ON L9W 2Y9",,IT Services,"5 NEW VOIP DEVICES + 5 Power Adapters installed and setup Onsite.
S/N Hardware 
301086F051004310 Yealink SIP -T53
301086F051006381 Yealink SIP -T53
301086F051006364 Yealink SIP -T53
301086F051005264 Yealink SIP -T53
301086F051006785 Yealink SIP -T53",#10591,2024-01-17,Yes,,,
205,Freight Hub Logistics Inc.,"1123 Lorimar Dr, Mississauga, ON L5S 1M5",,IT Services,"Emails Flooding out. Locked by Microsoft
Affected PC Cleaned. (Anti Virus/ Anti Malware / Cleaner ran). Emails Flooding from PC, collaborated with Godaddy and followed preventive measure before sending the request to unlock the emails from Microsoft. Process start day 12 Jan 2024 - Test finished 16 Jan 2024.",#10841,2024-01-16,Yes,,,
206,Diamond Insurance Group,"60 Lacoste Blvd Unit 209-210 Brampton
ON L6P 4B5",,IT Services,New Emai created :- PolicyInquiries@dig.insure,#10775,2024-01-09,Yes,,,
207,Gracious Hardwood Flooring Inc.,"72 Devon Rd, Brampton, ON L6T 5B4",,IT Services,New RDP + DUO User: Tanya Rana,#10745,2024-01-08,Yes,,,
208,MetroX,"13959 Airport Road, Caledon Ontario, L7C 2X6",,IT Services,recruiting@metrox.ca Email activation with ExchangePlan1,#10753,2024-01-08,Yes,,,
209,Gracious Hardwood Flooring Inc.,"72 Devon Rd, Brampton, ON L6T 5B4",,IT Services,"New User - QB Only
Kruti Patel",#10625,2024-01-03,Yes,,,
210,Arthur Transport Company Inc.,"1750 Steeles Avenue East, Brampton ON L6T 1A4",,IT Services,"Full Holiday Day Spent
Avaal Migration from Old to New Server along with Application setup and Connectivity on 6 Nodes
Server: - A_Aval_SVR | Client:- A_Node1 to Node 6",#10581 #10580,2024-01-01,Yes,,,
211,Arthur Transport Company Inc.,"1750 Steeles Avenue East, Brampton ON L6T 1A4",,IT Services,"Created New Server Node:-
A_Aval_SVR",#10579,2024-01-01,Yes,,,
212,Arthur Transport Company Inc.,"1750 Steeles Avenue East, Brampton ON L6T 1A4",,IT Services,"1 DC Domain Controller + 1 File Server + 7 Nodes Setup Completed
(Setup of Apps, Profiles and Data Migration)",#9744,2023-12-29,Yes,,,
213,Haulage North America,"473032 Dufferin County Rd 11 , Orangeville ON L9W 2Y9",,IT Services,"New Router Purchased and Configured to be used with Rogers Fiber.
Onsite Visit for ISP Changeover.",#10138,2023-12-29,Yes,,,
214,Arthur Transport Company Inc.,"1750 Steeles Avenue East, Brampton ON L6T 1A4",,IT Services,"TRAILER OFFICE NEW LOCATION:- went with Ankit and 1 drop installed from existing drop in office to trailer office.
New POE switch installed along with some 4 cat5e cables.",,2023-12-22,,,,
215,Gracious Hardwood Flooring Inc.,"72 Devon Rd, Brampton, ON L6T 5B4",,IT Services,"Location: Oakville 
Office licenses installed on new PC",#10333,2023-12-21,Yes,,,
216,Diamond Insurance Group,"60 Lacoste Blvd Unit 209-210 Brampton
ON L6P 4B5",,IT Services,"User: Lajwinder Grewal
Laptop:-Dell Latitude 7480
SerialNumber : 4J43QQ2
OS Name Microsoft Windows 10 Pro
Intel(R) Core(TM) i5-6300U CPU @ 2.40GHz, 2496 Mhz
256 GB -SSD + (RAM) 16.0 GB",#9730,2023-12-20,Yes,,,
217,Arthur Transport Company Inc.,"1750 Steeles Avenue East, Brampton ON L6T 1A4",,IT Services,"User: Lovepreet Kaur
Windows 10 Pro Installed 
Dell XPS",#10175,2023-12-15,Yes,,,
218,Arthur Transport Company Inc.,"1750 Steeles Avenue East, Brampton ON L6T 1A4",,IT Services,Onsite visit ;- Patch Panel Cable change,#10091,2023-12-12,Yes,,,
219,Fusion Placement Solutions,"7370 Bramalea Rd Unit 8, Mississauga, ON L5S 1N6",,IT Services,Virus Removal from Parmjit PC,#10099,2023-12-12,Yes,,,
220,Supreme Wire Products Ltd.,"20 Newkirk Ct Unit 11,
Brampton, ON L6Z 0J8",,IT Services,"New Location - Country Side & Great Lakes
Power Adapter Installed for Yealink T54W",#9853,2023-12-11,Yes,,,
221,Gracious Hardwood Flooring Inc.,"72 Devon Rd, Brampton, ON L6T 5B4",,IT Services,"DUO+ RDP + QB - User Activation 
User:- Shikha (Oakville)",#10060,2023-12-08,Yes,,,
222,Gracious Hardwood Flooring Inc.,"72 Devon Rd, Brampton, ON L6T 5B4",,IT Services,"Location- Oakville
New Yealink T54W details :-
?MAC Address 24:9A:D8:80:0E:39
Machine ID 201081F051206263
Wi-Fi MAC 24:9A:D8:5C:3C:84",#9918,2023-12-08,Yes,,,
223,Gracious Hardwood Flooring Inc.,"72 Devon Rd, Brampton, ON L6T 5B4",,IT Services,"Location - Oakville
System Model HP EliteDesk 800 G1 SFF
Processor Intel(R) Core(TM) i7-4790 CPU @ 3.60GHz, 3601 Mhz, 4 Core(s), 8 Logical Processor(s)
SerialNumber : 2UA6031ZSJ
Installed Physical Memory (RAM) 16.0 GB
HDD : 256 GB SSD + 500 GB.",#9919,2023-12-08,Yes,,,
224,Galaxy Flooring and Renovation,"21, Regan Road, Unit H&I - Brampton, ON, L7A 1C5
Phone: (905) 840-0222",,IT Services,New RDP + DUO + QB - Ms. Manreet Toor,#9912,2023-12-07,Yes,,,
225,Diamond Insurance Group,"60 Lacoste Blvd Unit 209-210 Brampton
ON L6P 4B5",,IT Services,"New RDP + DUO + Email
New User: - Rashmeen Kaur",#9723,2023-12-06,Yes,,,
226,Gracious Hardwood Flooring Inc.,"72 Devon Rd, Brampton, ON L6T 5B4",,IT Services,"New CPU Installed @ Warehouse
Dell Precision T1700
RAM 16GB
Processor Intel(R) Core(TM) i7-4770 CPU @ 3.40GHz, 3401 Mhz, 4 Core(s), 8 Logical Processor(s)
HDD 256 GB SSD + 500 GB
SerialNumber BPQ3V12",#9827,2023-12-05,Yes,,,
227,Gracious Hardwood Flooring Inc.,"72 Devon Rd, Brampton, ON L6T 5B4",,IT Services,"New 1 VOIP Account + New Phone + New Cordless Phones installed.
T54W Yealink VOIP – 1Qty.
- S/N# 201081F051209236
IP DECT Phone W56H Cordless 1Qty.
- S/N# - 8301523032517102",#9493,2023-12-05,Yes,,,
228,Gracious Hardwood Flooring Inc.,"72 Devon Rd, Brampton, ON L6T 5B4",,IT Services,"Network Printer Service :-
Toshiba e-STUDIO3505AC",#9464,2023-12-05,Yes,,,
229,Haulage North America,"473032 Dufferin County Rd 11 , Orangeville ON L9W 2Y9",,IT Services,"3 New T54W Yealink installed.
3 New Power adapters for T54W installed.
3 New VOIP Accounts
Details:-
S/N# 201081F051207094 - Ext# 124
S/N# 201081F051208219 - Ext# 125
S/N# 201081F051208917 - Ext# 126",#9749,2023-12-05,Yes,,,
230,Haulage North America,"473032 Dufferin County Rd 11 , Orangeville ON L9W 2Y9",,IT Services,"Installed dvi cable - 1 Qty
Installed dvi to display converter - 1 Qty",#9851,2023-12-05,Yes,,,
231,Galaxy Flooring and Renovation,"21, Regan Road, Unit H&I - Brampton, ON, L7A 1C5
Phone: (905) 840-0222",,IT Services,"New PC Setup - Details:-
New Desktop - HP Elite Desk 800 G3 - i7-6th gen, 256 NVMe + 500 GB + 16 GB RAM
LCD - Dell 22",#9172,2023-11-20,Yes,,,
232,Diamond Insurance Group,"60 Lacoste Blvd Unit 209-210 Brampton
ON L6P 4B5",,IT Services,Email Migration to Office 365.,#9400,2023-11-19,Yes,,,
233,Diamond Insurance Group,"60 Lacoste Blvd Unit 209-210 Brampton
ON L6P 4B5",,IT Services,"New User: - Manpreet Saini
RDP + DUO + Email + New Laptop
Laptop Details:-SerialNumber
5CG8060SLG
HP EliteBook 840 G3
i5-6300U CPU @ 2.40GHz, 2496 Mhz, 2 Core(s), 4 Logical Processor(s)
(RAM) 16.0 GB (HDD -250GB)",#9128,2023-11-17,Yes,,,
234,Haulage North America,"473032 Dufferin County Rd 11 , Orangeville ON L9W 2Y9",,IT Services,"7 VOIP accounts + IVR setup - Exisitng H/W used 
EXT: 101 to 103 , 111, 121 to 123.",#9124,2023-11-10,,,,
235,MetroX,"13959 Airport Road, Caledon Ontario, L7C 2X6",,IT Services,Microsoft Teams setup for Metrox,#8868,2023-11-09,Yes,,,
236,Freight Hub Logistics Inc.,"1123 Lorimar Dr, Mississauga, ON L5S 1M5",,IT Services,Ran new Cat 5e cable to Simar's Office for Printer. (Terminated and Tested.),#8559,2023-11-08,Yes,,,
237,Hi-End Diesel Truck Repair Inc.,"1123 Lorimar Dr, Mississauga, ON L5S 1M5",,IT Services,Re-terminated and Tested. The printer Jack @ reception.,#8404,2023-11-08,Yes,,,
238,Haulage North America,"473032 Dufferin County Rd 11 , Orangeville ON L9W 2Y9",,IT Services,All Emails Migration Done to Office 365,#8734,2023-10-31,Yes,,,
239,Hi-End Diesel Truck Repair Inc.,"1123 Lorimar Dr, Mississauga, ON L5S 1M5",,IT Services,Onsite Printer Install,#8856,2023-10-27,Yes,,,
240,Gracious Hardwood Flooring Inc.,"72 Devon Rd, Brampton, ON L6T 5B4",,IT Services,"New Desktop - HP EliteDesk 800 G3
i7-6th gen, 256 NVme + 500 GB + 16 GB RAM",#8843,2023-10-26,Yes,,,
241,Gracious Hardwood Flooring Inc.,"72 Devon Rd, Brampton, ON L6T 5B4",,IT Services,New BLIP user - Vinay Gogna,#8805,2023-10-25,Yes,,,
242,Haulage North America,"473032 Dufferin County Rd 11 , Orangeville ON L9W 2Y9",,IT Services,"7 CPUs installed - HP EliteDesk 800 G3
i7-6th gen, 256 NVme + 500 GB + 16 GB",#8734,2023-10-18,Yes,,,
243,Haulage North America,"473032 Dufferin County Rd 11 , Orangeville ON L9W 2Y9",,IT Services,"Installed:-
2 New DVI cables
2 New DVI to Display Port Converters",#8734,2023-10-18,Yes,,,
244,Diamond Insurance Group,"60 Lacoste Blvd Unit 209-210 Brampton
ON L6P 4B5",,IT Services,New RDP + DUO + Email - user setup for Sukriti Sharma,#8660,2023-10-13,Yes,,,
245,MetroX,"13959 Airport Road, Caledon Ontario, L7C 2X6",,IT Services,New License - Office 365 Bhavdeep PC,#8673,2023-10-12,Yes,,,
246,MetroX,"13959 Airport Road, Caledon Ontario, L7C 2X6",,IT Services,Emails Migration to Office 365,#8673,2023-10-12,Yes,,,
247,Freight Hub Logistics Inc.,"1123 Lorimar Dr, Mississauga, ON L5S 1M5",,IT Services,Onsite Visit + New HDMI to DVI converter Installed,#8600,2023-10-06,Yes,,,
248,Gracious Hardwood Flooring Inc.,"72 Devon Rd, Brampton, ON L6T 5B4",,IT Services,Enabled User- Shaleen - DUO + RDP + Blip,#8491,2023-09-27,,,,
249,Hi-End Diesel Truck Repair Inc.,"1123 Lorimar Dr, Mississauga, ON L5S 1M5",,IT Services,Pending,#8404,2023-09-21,Yes,,,
250,GT Bolton Inc.,"12155 Coleraine Dr, Bolton, ON L7E 3A9",,IT Services,"Office licenses are activated for the following 5 RDP:-
Customer CC used
GTBN1
GTBN2
GTBN3
GTBN4
GTBN5",#8375,2023-09-20,Yes,,,
251,Hi-End Diesel Truck Repair Inc.,"1123 Lorimar Dr, Mississauga, ON L5S 1M5",,IT Services,"Onsite Printer Service - Brother MFC-L5700DW
Cleanup of toner + drum + corona Wire. Drum reset. 
Resolved and User tested ok.",#8360,2023-09-18,Yes,,,
252,Gracious Hardwood Flooring Inc.,"72 Devon Rd, Brampton, ON L6T 5B4",,IT Services,"Onsite Installation:-
Synology - Disk Station DS923+ 4-BAY
Serial Number: 2440TQR9V3YX6",#18220,2023-09-18,Yes,,,
253,Diamond Insurance Group,"60 Lacoste Blvd Unit 209-210 Brampton
ON L6P 4B5",,IT Services,"New Email, PowerBroker ID and Applied ID created only. - User Sandeep Kaur Boparai",#19338,2023-09-18,Yes,,,
254,Diamond Insurance Group,"60 Lacoste Blvd Unit 209-210 Brampton
ON L6P 4B5",,IT Services,"1 New Laptop delivered to Office Reception.
Laptop - Dell Latitude E7470 - S/N# FP9B1G2
Details:-
Laptop - Dell Latitude E7470 
· Operating System Windows 10 Pro 64-bit 
· CPU Intel Core i5 6300U @ 2.40GHz 
· RAM 16.0GB Dual-Channel DDR4 @ 1064MHz 
· Motherboard Dell Inc. 0T6HHJ 
· Graphics o Generic Non-PnP Monitor (1920x1080@32Hz)
o Intel HD Graphics 520 (Dell)
· Storage 256GB (SATA (SSD) 
· Audio Realtek Audio",#8339,2023-09-15,Yes,,,
255,Diamond Insurance Group,"60 Lacoste Blvd Unit 209-210 Brampton
ON L6P 4B5",,IT Services,New RDP + DUO + Email - user setup for Harsirat Toor,#8289,2023-09-14,Yes,,,
256,Diamond Insurance Group,"60 Lacoste Blvd Unit 209-210 Brampton
ON L6P 4B5",,IT Services,New RDP + DUO + Email - user setup for Pawandeep Gill,#8269,2023-09-12,Yes,,,
257,Qliq Inc.,"130 Matheson Blvd E #1, Mississauga, ON L4Z 1V4",,IT Services,Onsite visit to configure Office Cams on User new Mobile.,#8305,2023-09-12,Yes,,,
258,Diamond Insurance Group,"60 Lacoste Blvd Unit 209-210 Brampton
ON L6P 4B5",,IT Services,New RDP + DUO + Email - user setup for Amandeep Hazra,#8253,2023-09-11,Yes,,,
259,Ontario Transway,"2020 Clark Blvd. Unit # 1B
Brampton ON, L6T 5R4",,IT Services,Onsite visit to connect 4 Yealink phones onto HotSpots.,#8282,2023-09-09,Yes,,,
260,Diamond Insurance Group,"60 Lacoste Blvd Unit 209-210 Brampton
ON L6P 4B5",,IT Services,"2 New Laptops delivered to Office Reception.
Laptop - Dell Latitude E7470 - S/N# FR607H2
Laptop - Dell Latitude E7470 - S/N# GC0MYF2 
Details:-
Laptop - Dell Latitude E7470 
· Operating System Windows 10 Pro 64-bit 
· CPU Intel Core i5 6300U @ 2.40GHz 
· RAM 16.0GB Dual-Channel DDR4 @ 1064MHz 
· Motherboard Dell Inc. 0T6HHJ 
· Graphics o Generic Non-PnP Monitor (1920x1080@32Hz)
o Intel HD Graphics 520 (Dell)
· Storage 256GB (SATA (SSD) 
· Audio Realtek Audio",#8261,2023-09-08,Yes,,,
261,Galaxy Flooring and Renovation,"21, Regan Road, Unit H&I - Brampton, ON, L7A 1C5
Phone: (905) 840-0222",,IT Services,New RDP + DUO + QB - Ms. Babneet Toor,#8256,2023-09-08,Yes,,,
262,Diamond Insurance Group,"60 Lacoste Blvd Unit 209-210 Brampton
ON L6P 4B5",,IT Services,New DUO and Node :- dig\gbhullar C1node39,#7667,2023-09-06,Yes,,,
263,Roadies Logistics and Shunt Services,"1106 Cardiff Blvd, Mississauga, ON L5S 1P3",,IT Services,Onsite visit for IP address for CCTV,#8236,2023-09-06,Yes,,,
264,Sanjay Sharma,Na,,IT Services,5 Windows Licenses for Sanjay Sharma -,#7970,2023-08-31,Yes,,,
265,Gracious Hardwood Flooring Inc.,"72 Devon Rd, Brampton, ON L6T 5B4",,IT Services,Onsite Time: 5:30pm - 9:30 pm for QB Upgrades to 2023 + Payroll Table Updates + Windows Updates on 9 PCs + Server.,"#7346
#7347
#7348
#7349
#7350
#7351
#7352
#7353
#7354
#7355",2023-08-09,Yes,,,
266,Gracious Lighting & Home Furnishing,"101 Devon Road, Brampton L6T5A4",,IT Services,Black Toner Cartridge installed for Toshiba e-STUDIO3505AC,#7293,2023-08-09,Yes,,,
267,Hi-End Diesel Truck Repair Inc.,"1123 Lorimar Dr, Mississauga, ON L5S 1M5",,IT Services,New License - Office 365 Reception Desk.,#7037,2023-07-28,Yes,,,
268,Arthur Transport Company Inc.,"1750 Steeles Avenue East, Brampton ON L6T 1A4",,IT Services,"New equipment + extension
1 VOIP - T54W Ext 106",#6838,2023-07-24,Yes,,,
269,Diamond Insurance Group,"60 Lacoste Blvd Unit 209-210 Brampton
ON L6P 4B5",,IT Services,Windows 11 Pro License Installed.,#6939,2023-07-24,Yes,,,
270,Diamond Insurance Group,"60 Lacoste Blvd Unit 209-210 Brampton
ON L6P 4B5",,IT Services,New RDP + DUO + Email - User:- Awas Omar Dhiblawe,#6171,2023-07-14,Yes,,,
271,Diamond Insurance Group,"60 Lacoste Blvd Unit 209-210 Brampton
ON L6P 4B5",,IT Services,"New Email created
Name: Harsimran Deep Kaur
Email: harsimran@dig.insure",#6128,2023-07-11,Yes,,,
272,Transway Transport,"740 Weller Ct, Oakville, ON L6K 3S9",,IT Services,"Email Migration to Office365
draz@insta-parts.ca
info@insta-parts.ca",#5657,2023-07-06,Yes,,,
273,Arthur Transport Company Inc.,"1750 Steeles Avenue East, Brampton ON L6T 1A4",,IT Services,"2 VOIP - T54W + 2 Power Adapters
Ext 110 & 111 for India",#5913,2023-06-30,Yes,,,
274,Galaxy Flooring and Renovation,"21, Regan Road, Unit H&I - Brampton, ON, L7A 1C5
Phone: (905) 840-0222",,IT Services,New RDP + DUO + QB -Ms. Aman,#5834,2023-06-30,Yes,,,
275,Gracious Hardwood Flooring Inc.,"72 Devon Rd, Brampton, ON L6T 5B4",,IT Services,"User: Prabhjot PC: Dell OptiPlex
Windows re-installed and profile configured.",#5592,2023-06-29,Yes,,,
276,Diamond Insurance Group,"60 Lacoste Blvd Unit 209-210 Brampton
ON L6P 4B5",,IT Services,"Amita Verma - Date 28 June 2023 ----CPU ONLY--
SerialNumber::2UA53839RH
OS Name Microsoft Windows 10 Pro
System Model HP EliteDesk 800 G1 SFF
Processor Intel(R) Core(TM) i7-4770 CPU @ 3.40GHz, 3401 Mhz, 4 Core(s), 8 Logical Processor(s)
Installed Physical Memory (RAM) 16.0 GB
HDD 250GB SSD + 500 GB SATA",#5862,2023-06-28,Yes,,,
277,Diamond Insurance Group,"60 Lacoste Blvd Unit 209-210 Brampton
ON L6P 4B5",,IT Services,Mr. Aman Sidhu -2nd Existing LCD installed for DUAL setup,#5865,2023-06-28,Yes,,,
278,Diamond Insurance Group,"60 Lacoste Blvd Unit 209-210 Brampton
ON L6P 4B5",,IT Services,"Mr. Simar - 2 visits - 1 for each LCD install
New VGA Cable + HDMI to Display Converter Used - Billable
2 LG DUAL LCD (already onsite) setup done.",#5864,2023-06-28,Yes,,,
279,Transway Transport,"740 Weller Ct, Oakville, ON L6K 3S9",,IT Services,New RDP + DUO Node105 - Harinder Buttar,#5744,2023-06-23,Yes,,,
280,Diamond Insurance Group,"60 Lacoste Blvd Unit 209-210 Brampton
ON L6P 4B5",,IT Services,"New HDMI to DVI Cable - 25$ + Total onsite visits 2. User: Ritika
1st visit - LCD(Onsite Existing) installed on weekend - onsite visit. Jun 18,2023.
2nd - visit Jun 22, 2023 . with HDMI to DVI cable and installed 2nd LCD(Onsite Existing) and tested ok.",#5660,2023-06-22,Yes,,,
281,Gracious Hardwood Flooring Inc.,"72 Devon Rd, Brampton, ON L6T 5B4",,IT Services,"Office 365 License installed on 1 rdp user
Z6448@365i.team gracious\shikha (On Sahil PC)",#5688,2023-06-21,Yes,,,
282,Gracious Hardwood Flooring Inc.,"72 Devon Rd, Brampton, ON L6T 5B4",,IT Services,New RDP + DUO+ Blip user SHAHBAZ RASOOL,#5690,2023-06-20,Yes,,,
283,Gracious Hardwood Flooring Inc.,"72 Devon Rd, Brampton, ON L6T 5B4",,IT Services,"Office 365 License installed on 3 rdp users
Z6448@365i.team gracious\akarsh, \shaleen, \mandeep",#5688,2023-06-20,Yes,,,
284,Arthur Transport Company Inc.,"1750 Steeles Avenue East, Brampton ON L6T 1A4",,IT Services,"8 - T54W Yealink Phones installed.
5 - Bluetooth Headsets (MPOW) Installed.
5 - Communicator App Installed.",#5513,2023-06-13,Yes,,,
285,Galaxy Flooring and Renovation,"21, Regan Road, Unit H&I - Brampton, ON, L7A 1C5
Phone: (905) 840-0222",,IT Services,New user setup for QB galaxy3,#5541,2023-06-13,Yes,,,
286,Galaxy Flooring and Renovation,"21, Regan Road, Unit H&I - Brampton, ON, L7A 1C5
Phone: (905) 840-0222",,IT Services,New UPS by APC installed onsite.,#5475,2023-06-09,Yes,,,
287,CIC Toronto,"155-2960 Drew Road,
Malton, Mississauga,ON L4T 0A5",,IT Services,"New CPU + Office 365 installed - User: - Gary 
i7-4770 CPU @ 3.40GHz, 3401 Mhz, 4 Core(s), 8 Logical Processor(s)
HP EliteDesk
Installed Physical Memory (RAM) 16.0 GB
HDD = 256gb SSD + 500 gb SATA",#5417,2023-06-07,Yes,CC Provided to Rajkaran,,
288,CIC Toronto,"155-2960 Drew Road,
Malton, Mississauga,ON L4T 0A5",,IT Services,"New CPU + 1 Adobe Professional License installed - User: - Ruby (Personal Use)
i7-4770 CPU @ 3.40GHz, 3401 Mhz, 4 Core(s), 8 Logical Processor(s)
HP EliteDesk CASH PAID
Installed Physical Memory (RAM) 16.0 GB
HDD = 256gb SSD + 500 gb SATA
SerialNumber MXL6032R98",#5422,2023-06-07,Yes,N/A by Rajkaran,,
289,Diamond Insurance Group,"60 Lacoste Blvd Unit 209-210 Brampton
ON L6P 4B5",,IT Services,New RDP + DUO + Email - User:- Krishna Thakkar,#5356,2023-06-07,,,,
290,Diamond Insurance Group,"60 Lacoste Blvd Unit 209-210 Brampton
ON L6P 4B5",,IT Services,"New CPU + 2 LCD - Mr. Ravi Grewal
Hardware Details: 
• CPU (Qty =1)
SerialNumber : 2UA4511WMQ
OS Name Microsoft Windows 10 Pro
System Model HP EliteDesk 800 G1 SFF
Processor Intel(R) Core(TM) i7-4770 CPU @ 3.40GHz, 3401 Mhz, 4 Core(s), 8 Logical Processor(s)
Installed Physical Memory (RAM) 16.0 GB
HDD 250GB SSD + 500 GB SATA
• LCD Monitor : Lenovo Think Vision P24 q-10. (Qty =2)",#5375,2023-06-06,Yes,,,
291,Diamond Insurance Group,"60 Lacoste Blvd Unit 209-210 Brampton
ON L6P 4B5",,IT Services,New email created: psidhu@dig.insure (Preeti Sidhu),#5382,2023-06-06,Yes,,,
292,Diamond Insurance Group,"60 Lacoste Blvd Unit 209-210 Brampton
ON L6P 4B5",,IT Services,"New User/Node Setup + DUO
Dig\mkhroud - Mandeep Khroud (Email was created on 28 - Mar 23)",#5286,2023-06-05,,,,
293,Diamond Insurance Group,"60 Lacoste Blvd Unit 209-210 Brampton
ON L6P 4B5",,IT Services,"Hardware Details: PC + LCD Monitor + Onsite Visit 1hr 
• PC (Qty =1)
SerialNumber : MXL6032R5D
OS Name Microsoft Windows 10 Pro
System Model HP EliteDesk 800 G1 SFF
Processor Intel(R) Core(TM) i7-4770 CPU @ 3.40GHz, 3401 Mhz, 4 Core(s), 8 Logical Processor(s)
Installed Physical Memory (RAM) 16.0 GB
HDD 250GB SSD + 500 GB SATA
• LCD Monitor : Lenovo Think Vision P24 q-10. (Qty =1)",#5286,2023-06-05,Yes,,,
294,Diamond Insurance Group,"60 Lacoste Blvd Unit 209-210 Brampton
ON L6P 4B5",,IT Services,"Hardware Details: CPU -- SIMAR
• CPU only (Qty =1)
SerialNumber : 2UA40812YK
OS Name Microsoft Windows 10 Pro
System Model HP EliteDesk 800 G1 SFF
Processor Intel(R) Core(TM) i7-4770 CPU @ 3.40GHz, 3401 Mhz, 4 Core(s), 8 Logical Processor(s)
Installed Physical Memory (RAM) 16.0 GB
HDD 250GB SSD + 500 GB SATA",#5373,2023-06-05,Yes,,,
295,Gracious Hardwood Flooring Inc.,"72 Devon Rd, Brampton, ON L6T 5B4",,IT Services,New RDP + DUO setup - User :- AKARSH,#5316,2023-06-02,Yes,,,
296,Diamond Insurance Group,"60 Lacoste Blvd Unit 209-210 Brampton
ON L6P 4B5",,IT Services,New RDP + DUO + Email - User:- Beant Kaur Maan,#5238,2023-05-30,Yes,,,
297,Diamond Insurance Group,"60 Lacoste Blvd Unit 209-210 Brampton
ON L6P 4B5",,IT Services,New RDP + DUO + Email - User:- Navneet Kaur Grewal,#5253,2023-05-30,Yes,,,
298,Gracious Hardwood Flooring Inc.,"72 Devon Rd, Brampton, ON L6T 5B4",,IT Services,"Microsoft Windows 10 Pro
System Model HP EliteDesk 800 G1 SFF
Processor Intel(R) Core(TM) i7-4770 CPU @ 3.40GHz, 3401 Mhz, 4 Core(s), 8 Logical Processor(s)
Installed Physical Memory (RAM) 16.0 GB
HDD 250GB SSD + 500 GB SATA
4/26/2023
(OLD DATE)",#4350 OLD #5170 NEW,2023-05-26,Yes,,,
299,Diamond Insurance Group,"60 Lacoste Blvd Unit 209-210 Brampton
ON L6P 4B5",,IT Services,New Email - User:- Navneet Kaur Grewal,,2023-05-25,,,,
300,Gracious Hardwood Flooring Inc.,"72 Devon Rd, Brampton, ON L6T 5B4",,IT Services,New RDP + DUO setup - User:- SHIKHA,#5124,2023-05-24,Yes,,,
301,Diamond Insurance Group,"60 Lacoste Blvd Unit 209-210 Brampton
ON L6P 4B5",,IT Services,"New Email created user - Simran 
(ssimran@dig.insure)",#5100,2023-05-23,Yes,,,
302,Diamond Insurance Group,"60 Lacoste Blvd Unit 209-210 Brampton
ON L6P 4B5",,IT Services,"New DUO user - Simran 
(accessing dig\aaneem account)",#4903,2023-05-15,Yes,,,
303,Gracious Hardwood Flooring Inc.,"72 Devon Rd, Brampton, ON L6T 5B4",,IT Services,New BLIP user - Parth Patel,#4896,2023-05-15,Yes,,,
304,CIC Toronto,"155-2960 Drew Road,
Malton, Mississauga,ON L4T 0A5",,IT Services,"4 GB RAM Added
Windows re-installed + Office 365 installed + Time Spent 2 Hrs
Data restored to the PC. 
Naina PC
SerialNumber CPXLTV1",#3754,2023-05-09,Yes,,,
305,Galaxy Flooring and Renovation,"21, Regan Road, Unit H&I - Brampton, ON, L7A 1C5
Phone: (905) 840-0222",,IT Services,RDP + DUO completed for Mr. Sunny,#4621,2023-05-08,Yes,,,
306,Gracious Hardwood Flooring Inc.,"72 Devon Rd, Brampton, ON L6T 5B4",,IT Services,"New RDP User : Mandeep Kapoor.
DUO + BLIP setup.",#4745,2023-05-08,Yes,,,
307,Hi-End Diesel Truck Repair Inc.,"1123 Lorimar Dr, Mississauga, ON L5S 1M5",,IT Services,Onsite Visit - Network cable installed to Printer in Reception.,#4751,2023-05-08,Yes,,,
308,Diamond Insurance Group,"60 Lacoste Blvd Unit 209-210 Brampton
ON L6P 4B5",,IT Services,"Hardware Details: PC + 2 LCD Monitor + 1 Power Bar + Onsite Visit 1hr 
• PC (Qty =1)
SerialNumber : 2UA40812XX
OS Name Microsoft Windows 10 Pro
System Model HP EliteDesk 800 G1 SFF
Processor Intel(R) Core(TM) i7-4770 CPU @ 3.40GHz, 3401 Mhz, 4 Core(s), 8 Logical Processor(s)
Installed Physical Memory (RAM) 16.0 GB
HDD 250GB SSD + 500 GB SATA
• LCD Monitor : Lenovo Think Vision P24 q-10. (Qty =2)",#4521,2023-05-03,Yes,,,
309,Freight Hub Logistics Inc.,"1123 Lorimar Dr, Mississauga, ON L5S 1M5",,IT Services,2 Network Drops Installed by Ankit in Simar's Office.,#4067,2023-05-03,Yes,,,
310,Galaxy Flooring and Renovation,"21, Regan Road, Unit H&I - Brampton, ON, L7A 1C5
Phone: (905) 840-0222",,IT Services,"Hardware Details: PC + LCD Monitor + DUO + Onsite Visit 30 mins
• PC (Qty =1)
SerialNumber : 2UA40812XX
OS Name Microsoft Windows 10 Pro
System Model HP EliteDesk 800 G1 SFF
Processor Intel(R) Core(TM) i7-4770 CPU @ 3.40GHz, 3401 Mhz, 4 Core(s), 8 Logical Processor(s)
Installed Physical Memory (RAM) 16.0 GB
HDD 250GB SSD + 500 GB SATA
• LCD Monitor : Lenovo Think Vision P24 q-10. (Qty =1)",#4621,2023-05-03,Yes,,,
311,Gracious Hardwood Flooring Inc.,"72 Devon Rd, Brampton, ON L6T 5B4",,IT Services,"New VOIP account X101 User: Varinder Rana
New SIP T54W
MAC : 805E0CC3266A
S/N: 301081E041220382",#4362,2023-04-29,Yes,,,
312,Diamond Insurance Group,"60 Lacoste Blvd Unit 209-210 Brampton
ON L6P 4B5",,IT Services,"5 RDP nodes created. + 5 DUO
dig\account1 - Account1
dig\account2 - Account2
dig\lgrewal - Lajwinder Grewal
dig\averma - Amita Verma
dig\hthind - Harman Thind","#4324
#4501
#4521
#4500",2023-04-28,Yes,,,
313,Diamond Insurance Group,"60 Lacoste Blvd Unit 209-210 Brampton
ON L6P 4B5",,IT Services,"New Email created: Hthind@dig.insure
User: Harman Thind",#4521,2023-04-27,Yes,,,
314,Diamond Insurance Group,"60 Lacoste Blvd Unit 209-210 Brampton
ON L6P 4B5",,IT Services,"2 Emails created: 
New Email created: lgrewal@dig.insure
User: Lajwinder Grewal
New Email created: averma@dig.insure
User: Amita Verma","#4500
#4501",2023-04-26,Yes,,,
315,Gracious Lighting & Home Furnishing,"101 Devon Road, Brampton L6T5A4",,IT Services,"Onsite visit: 1 HR.
Setup done for Network MPF Scan to PC Folder.",#4377,2023-04-26,Yes,,,
316,MetroX,"13959 Airport Road, Caledon Ontario, L7C 2X6",,IT Services,New email created: baldeepgrewal@metrox.ca,#4508,2023-04-26,Yes,,,
317,Hi-End Diesel Truck Repair Inc.,"1123 Lorimar Dr, Mississauga, ON L5S 1M5",,IT Services,Scanner setup - Reception Desk (Ms. Shashi),#4404,2023-04-21,Yes,,,
318,Freight Hub Logistics Inc.,"1123 Lorimar Dr, Mississauga, ON L5S 1M5",,IT Services,"User: Simar Uppal - New VOIP account + Device installed
VOIP 9058973212 
MAC 805E0CC32EB8
SerialNumber 301081E041223209
Make Yealink
Model SIP-T54W
STATE Installed",#4027,2023-04-20,Yes,,,
319,CIC Toronto,"155-2960 Drew Road,
Malton, Mississauga,ON L4T 0A5",,IT Services,"1 x Adobe DC Pro installed
System Name MAIN-PC
SerialNumber MJ04936",#4315,2023-04-19,Yes,,,
320,Gracious Hardwood Flooring Inc.,"72 Devon Rd, Brampton, ON L6T 5B4",,IT Services,1 x MS-Office License Activation RDP – Anjali Kamboj,#4354,2023-04-19,Yes,,,
321,Gracious Hardwood Flooring Inc.,"72 Devon Rd, Brampton, ON L6T 5B4",,IT Services,"DUO Push User Added - Nitin 13 April 2023
DUO Push User Added - Anjali Kamboj 18 April 2023","#4112
#4328",2023-04-18,Yes,Merged with Billing 28 Feb 23 with New User Node Setup,,
322,Gracious Lighting & Home Furnishing,"101 Devon Road, Brampton L6T5A4",,IT Services,DUO Push User Added - Shaleen Dutta 27 February 2023,#3013,2023-04-18,Yes,,,
323,Freight Hub Logistics Inc.,"1123 Lorimar Dr, Mississauga, ON L5S 1M5",,IT Services,"Techhosting.ca :- Client`s CC on Profile
- 1 Email (365) created + configured
-simar@freighthublogistic.com",#4293,2023-04-17,Yes,,,
324,Galaxy Flooring and Renovation,"21, Regan Road, Unit H&I - Brampton, ON, L7A 1C5
Phone: (905) 840-0222",,IT Services,"QuickBooks Troubleshooting + Updates Installed.
o PC 1 
o PC 2
o Server","#4278
#4279
#4288",2023-04-17,Yes,,,
325,Gracious Hardwood Flooring Inc.,"72 Devon Rd, Brampton, ON L6T 5B4",,IT Services,• Onsite Visit - 1HR (Move and Install)- PC move Warehouse back office to Warehouse Front Desk - 1 HR.,#4285,2023-04-17,Yes,,,
326,MSS MACHINING & FABRICATION,"286 Rutherford Rd S #4,
Brampton, ON L6W 3K7
905-230-0700",,IT Services,"1 New CPU details : Hp Elite Desk S/N # 2UA4211MGC
i7-4790 - 16 GB RAM -- 256 GB SSD + 500 GB SATA. WIN 10 Pro + Data Transfer from old PC",#4141,2023-04-14,Yes,Mr. Amit - check for billing info - Yes,,
327,CIC Toronto,"155-2960 Drew Road,
Malton, Mississauga,ON L4T 0A5",,IT Services,Email setup (Ruby PC) in Outlook - processing@cictoronto.com,#4210,2023-04-13,Yes,,,
328,Freight Hub Logistics Inc.,"1123 Lorimar Dr, Mississauga, ON L5S 1M5",,IT Services,"New PC + 1 HDMI Converter System Model HP EliteDesk 800 G1 SFF
System Name DESKTOP-UGRFT2C RAM = 16GB
Processor Intel(R) Core(TM) i7-4790 CPU @ 3.60GHz, 3601 Mhz, 4 Core(s), 8 Logical Processor(s)
SerialNumber MXL540107W
HDD 256GB SSD + 500GB User: SIMAR",#4002,2023-04-06,Yes,,,
329,MetroX,"13959 Airport Road, Caledon Ontario, L7C 2X6",,IT Services,"2 New VOIP Accounts created
101 & 104 overlapping in India replaced with 109 & 110",#3900,2023-04-05,Yes,,,
330,MSS MACHINING & FABRICATION,"286 Rutherford Rd S #4,
Brampton, ON L6W 3K7
905-230-0700",,IT Services,Network Printer (Canon Image Runner 2525 MSS) Setup on PC.,#4035,2023-04-05,Yes,,,
331,Freight Hub Logistics Inc.,"1123 Lorimar Dr, Mississauga, ON L5S 1M5",,IT Services,"Techhosting.ca :- Client`s CC on Profile
- New Domain purchase www.freighthublogistic.com 
- 3 Emails (365) created
-dispatch@freighthublogistic.com
-safety@freighthublogistic.com
-accounts@freighthublogistic.com","#3997
#3998",2023-04-04,Yes,,,
332,Freight Hub Logistics Inc.,"1123 Lorimar Dr, Mississauga, ON L5S 1M5",,IT Services,"Office 365 License Installed ----- 1 (Simar Uppal) 
System Model HP EliteDesk 800 G1 SFF
System Name DESKTOP-UGRFT2C",#4004,2023-04-04,Yes,,,
333,MetroX,"13959 Airport Road, Caledon Ontario, L7C 2X6",,IT Services,New Email : POD@metrox.ca,#3987,2023-04-04,Yes,,,
334,MetroX,"13959 Airport Road, Caledon Ontario, L7C 2X6",,IT Services,"2 LAN Drops Installed for - N/W Printer + Biometric device.
1 Switch Purchased + Installed by Ankit.","#3961
#3960",2023-04-03,Yes,,,
335,Gracious Hardwood Flooring Inc.,"72 Devon Rd, Brampton, ON L6T 5B4",,IT Services,"New PC/QB User : Shikha
Bright HR - Account Activation - Shikha",#3929,2023-03-31,Yes,,,
336,Diamond Insurance Group,"60 Lacoste Blvd Unit 209-210 Brampton
ON L6P 4B5",,IT Services,New email created: mkhroud@dig.insure,#3843,2023-03-28,,,,
337,Transway Transport,"740 Weller Ct, Oakville, ON L6K 3S9",,IT Services,Office 365 License Activation - Mandeep Brar (Node 101),#3849,2023-03-28,Yes,,,
338,CIC Toronto,"155-2960 Drew Road,
Malton, Mississauga,ON L4T 0A5",,IT Services,"Office 365 install - Hostname: DESKTOP-TDLDT8L + Time Spent 1 Hr.
Troubleshooting done , system cleaned up + malware removed , windows + drivers updated",#3757,2023-03-23,Yes,,,
339,CIC Toronto,"155-2960 Drew Road,
Malton, Mississauga,ON L4T 0A5",,IT Services,"Office 365 Install - Hostname: DESKTOP-UDN888D + Time Spent 1 Hr.
Troubleshooting done , system cleaned up + malware removed , windows + drivers updated",#3756,2023-03-23,Yes,,,
340,CIC Toronto,"155-2960 Drew Road,
Malton, Mississauga,ON L4T 0A5",,IT Services,"Office 365 Install - Hostname: MAIN-PC + Time Spent 1 Hr
Troubleshooting done , system cleaned up + malware removed , windows + drivers updated",#3755,2023-03-23,Yes,,,
341,Diamond Insurance Group,"60 Lacoste Blvd Unit 209-210 Brampton
ON L6P 4B5",,IT Services,New Email created : jay@dig.insure,#3751,2023-03-23,Yes,,,
342,Diamond Insurance Group,"60 Lacoste Blvd Unit 209-210 Brampton
ON L6P 4B5",,IT Services,"Customer Name :Manpreet Kaur Dhindsa
Dig Gurkarmsher Dhindsa (Personal Laptop)
Office 365 Install. ---------- Credit Card info provided to Rajkaran",#3774,2023-03-23,Yes,,,
343,CIC Toronto,"155-2960 Drew Road,
Malton, Mississauga,ON L4T 0A5",,IT Services,"2 New Email accounts created on Godaddy
ap@cictoronto.com
office@cictoronto.com",#3682,2023-03-21,Yes,,,
344,Na,Address not found,,IT Services,"Rajkaran Travel To India
T54W - NEW
MAC: 805E0CC3266E
SN: 301081E041221763",,2023-03-17,Yes,,,
345,Gracious Hardwood Flooring Inc.,"72 Devon Rd, Brampton, ON L6T 5B4",,IT Services,New Phone Cord - Yealink T29G,#3023,2023-03-15,Yes,,,
346,World Class Immigration,"1332 Khalsa Dr Unit # 10, Mississauga, ON L5S 0A2",,IT Services,New Phone Cord - Yealink T29G,#3564,2023-03-15,Yes,,,
347,Diamond Insurance Group,"60 Lacoste Blvd Unit 209-210 Brampton
ON L6P 4B5",,IT Services,"Email activated: Gagandeep Bhullar,  gbhullar@dig.insure",#3773,2023-03-14,Yes,,,
348,Fusion Placement Solutions,"7370 Bramalea Rd Unit 8, Mississauga, ON L5S 1N6",,IT Services,New Office365 License installed - Parmjit Personal ACER Laptop,#3504,2023-03-14,Yes,,,
349,Gracious Lighting & Home Furnishing,"101 Devon Road, Brampton L6T5A4",,IT Services,New Network Printer Installation Toshiba e-STUDIO3505AC,#3484,2023-03-11,Yes,,,
350,Diamond Insurance Group,"60 Lacoste Blvd Unit 209-210 Brampton
ON L6P 4B5",,IT Services,"customer Name :Manpreet Kaur Dhindsa
Dig Gurkarmsher Dhindsa (Personal Laptop)
Office 365 Install. ---------- Credit Card info provided to Rajkaran",#3396,2023-03-09,Yes,,,
351,Diamond Insurance Group,"60 Lacoste Blvd Unit 209-210 Brampton
ON L6P 4B5",,IT Services,New User/Node Dig\rgrewal1 --- Raman Grewal,#3395,2023-03-09,Yes,,,
352,Diamond Insurance Group,"60 Lacoste Blvd Unit 209-210 Brampton
ON L6P 4B5",,IT Services,Returning User/Node Dig\eanbara --- Elie Enbara,#3409,2023-03-09,,,,
353,Ameya Data Solution,,,IT Services,"1 New SIP - T54W Yealink
?Ext: 215101 - S/N# 301081E041222107 - MAC# 805E0CC3304C",#3329,2023-03-08,Yes,,,
354,Diamond Insurance Group,"60 Lacoste Blvd Unit 209-210 Brampton
ON L6P 4B5",,IT Services,New Office365 License installed - Ravi Grewal,#3358,2023-03-08,Yes,,,
355,Diamond Insurance Group,"60 Lacoste Blvd Unit 209-210 Brampton
ON L6P 4B5",,IT Services,New Office365 License installed - Asif Alam,#3360,2023-03-08,Yes,,,
356,Diamond Insurance Group,"60 Lacoste Blvd Unit 209-210 Brampton
ON L6P 4B5",,IT Services,New Office365 License installed - Bela Gandhi,#3397,2023-03-08,Yes,,,
357,Ontario Transway,"2020 Clark Blvd. Unit # 1B
Brampton ON, L6T 5R4",,IT Services,"New SIP - T54W Yealink Installed
? Ext: 101 - S/N# 301081E041221037 - MAC#805E0CC324C4
? Ext: 102 - S/N# 301081E041220515 - MAC#805E0CC32576
? Ext: 103 - S/N# 301081E041221848 - MAC#805E0CC3145A
? Ext: 104 - S/N# 301081E041222313 - MAC#805E0CC32562
? Ext: 105 - S/N# 301081E041222512 - MAC#805E0CC32658
? Ext: 106 - S/N# 301081E041223302 - MAC#805E0CC31480
? Ext: 107 - S/N# 301081E041223930 - MAC#805E0CC32554
____________________________________________________________
New Yealink DECT IP Base Station W 70B
? Ext: 108 - S/N# 802017E062525920 - MAC#805E0CE78D0F
New IP DECT Phone W56H S/N# 8301520062500281",#3206,2023-03-03,Yes,,,
358,Gracious Hardwood Flooring Inc.,"72 Devon Rd, Brampton, ON L6T 5B4",,IT Services,"New User/Node Setup + DUO
gracious\shaleen --- Shaleen Dutta",#3013,2023-02-28,Yes,,,
359,MetroX,"13959 Airport Road, Caledon Ontario, L7C 2X6",,IT Services,"New Office365 License installed
DESKTOP-I0L7TP4 - INDIA
SerialNumber 8CG71133BQ",#3193,2023-02-28,Yes,,,
360,Gracious Hardwood Flooring Inc.,"72 Devon Rd, Brampton, ON L6T 5B4",,IT Services,"OAKVILLE - Visit
User: Gurmeet Singh
Onsite Visit - Windows Re-installed + Printer setup done.",#3091,2023-02-24,Yes,,,
361,Gracious Hardwood Flooring Inc.,"72 Devon Rd, Brampton, ON L6T 5B4",,IT Services,"OAKVILLE - Visit
User: Rahul
Onsite Visit - Windows Re-installed + Printer setup done.",#3092,2023-02-24,Yes,,,
362,Gracious Hardwood Flooring Inc.,"72 Devon Rd, Brampton, ON L6T 5B4",,IT Services,"WAREHOUSE
User: Garima
Onsite Visit - Windows Re-installed + Printer setup done.",#3093,2023-02-24,Yes,,,
363,Diamond Insurance Group,"60 Lacoste Blvd Unit 209-210 Brampton
ON L6P 4B5",,IT Services,"New Node Setup + email created
dig\jassingh --- Jaspreet Singh (Alberta)",#3035,2023-02-22,Yes,,,
364,Gracious Hardwood Flooring Inc.,"72 Devon Rd, Brampton, ON L6T 5B4",,IT Services,"QB Enterprise USA Trial + New Microsoft 2019 Server has been setup .
Hardware details are as follows:
OS Name Microsoft Windows Server 2019 Standard
System Manufacturer Dell Inc.
System Model Precision Tower 5810
Processor Intel(R) Xeon(R) CPU E5-1660 v4 @ 3.20GHz, 3201 Mhz, 8 Core(s), 16 Logical Processor(s)
Installed Physical Memory (RAM) 8.00 GB
SerialNumber 98K9RD2
Disk drive Model SAMSUNG SSD SM871 2.5 7mm 512GB",#2700,2023-02-16,Yes,,,
365,Diamond Insurance Group,"60 Lacoste Blvd Unit 209-210 Brampton
ON L6P 4B5",,IT Services,"New Node Setup + email created
dig\Mahmad --- Moeen Ahmad",#2776,2023-02-14,Yes,,,
366,Gracious Hardwood Flooring Inc.,"72 Devon Rd, Brampton, ON L6T 5B4",,IT Services,Onsite: Brother Printer installation setup for 2 Users (1 hr onsite),"#2827 , #2826",2023-02-13,Yes,,,
367,Diamond Insurance Group,"60 Lacoste Blvd Unit 209-210 Brampton
ON L6P 4B5",,IT Services,"New Node Setup + email created
dig\schahal --- Sukhdeep Chahal",#2730,2023-02-06,Yes,,,
368,MSS MACHINING & FABRICATION,"286 Rutherford Rd S #4,
Brampton, ON L6W 3K7
905-230-0700",,IT Services,"1 New CPU installed details : Hp Elite Desk S/N # 2UA5451TDG
i7-4770 @ 3.40 GHZ
16 GB RAM 
256 GB SSD + 500 GB SATA. WIN 10 Pro + Data Transfer from old PC",#2620,2023-02-02,Yes,,,
369,Galaxy Flooring and Renovation,"21, Regan Road, Unit H&I - Brampton, ON, L7A 1C5
Phone: (905) 840-0222",,IT Services,"Server setup done on premises and QB Ent. 2023 Retail Edition installed
and QB migration done.",#2590,2023-01-30,Yes,,,
370,MetroX,"13959 Airport Road, Caledon Ontario, L7C 2X6",,IT Services,"3 New SIP - T54W Installed
? Ext: 101 - S/N# 301081E041224673 - MAC#805E0CC32582
? Ext: 104 - S/N# 301081E041222695 - MAC#805E0CC3257C
? Ext: 105 - S/N# 301081E041223395 - MAC#805E0CC3138A","#2494
#2495
#2496",2023-01-25,Yes,,,
371,Roadies Logistics and Shunt Services,"1106 Cardiff Blvd, Mississauga, ON L5S 1P3",,IT Services,"New - IP Phone installed - Defective Unit brought back to Office: 
Yealink SIP-T53
S/N# 301086E011003419
MAC: 805E0C7AECDA",#2452,2023-01-20,Yes,,,
372,Diamond Insurance Group,"60 Lacoste Blvd Unit 209-210 Brampton
ON L6P 4B5",,IT Services,"1 New CPU installed details : Hp Elite Desk S/N # 2UA5362203
i7-4790 @ 3.60 GHZ
16 GB RAM 
256 GB SSD + 500 GB SATA. 
1 Additional Hardware: Display to HDMI converter",#2376,2023-01-18,Yes,,,
373,Gracious Hardwood Flooring Inc.,"72 Devon Rd, Brampton, ON L6T 5B4",,IT Services,"1- Office 365 Installed
User: gracious\anjali",,2023-01-16,Yes,,,
374,MetroX,"13959 Airport Road, Caledon Ontario, L7C 2X6",,IT Services,"3 - Adobe DC Pro Installed on 3 Mini PC 
S/N : - MJ050E45 , MJ03U5V1 , MJ0586E2",,2023-01-05,Yes,,,
375,MetroX,"13959 Airport Road, Caledon Ontario, L7C 2X6",,IT Services,"NEW - 1 Mini PC Lenovo Thinkcentre (S/N# MJ0586E2)
1- Office 365 Installed
NEW - 5 Lenovo LCD - 24",,2023-01-04,Yes,,,
376,Top Choice Auto Sales,"7140 Pacific Circle, Missisauga, ON LST 2A6",,IT Services,Website Completion https://www.topchoiceautosales.ca,,2023-01-04,Yes,,,
377,Gracious Hardwood Flooring Inc.,"72 Devon Rd, Brampton, ON L6T 5B4",,IT Services,"Site: Gracious Warehouse Back Office. Time spent onsite 1.5 hours.
2 Desktops setup in the back office of Warehouse, 1 complete system was on the reception desk which shifted to back office.
1 New CPU. (Idle Monitor used from reception).
New CPU installed details : 
i7-4790 @ 3.60 GHZ
16 GB RAM
256 GB SSD + 500 GB SATA. Additional Hardware installed : 5 Port PoE Switch.",,2022-12-13,Yes,,,
378,GT Bolton Inc.,"12155 Coleraine Dr, Bolton, ON L7E 3A9",,IT Services,"Ticket#1706 4 IP-Phone Extensions setup done in India (7528818042 - Kamal) 
VOIP# IP
309207 192.168.18.48
309208 192.168.18.46
309209 192.168.18.50
309210 192.168.18.51",#1706,2022-12-12,Yes,,,
379,Roadies Logistics and Shunt Services,"1106 Cardiff Blvd, Mississauga, ON L5S 1P3",,IT Services,"#1712 On premises Camera are not displaying in the office screen. ONSITE:During troubleshooting at the back end room, unplugged cable was found.
Plugged in the cable and have user tested it. OK",,2022-12-12,Yes,,,
380,Diamond Insurance Group,"60 Lacoste Blvd Unit 209-210 Brampton
ON L6P 4B5",,IT Services,"Ticket #1217 New HDD installed on Gurkarmsher Dhindsa.
Windows Setup done.",#1217,2022-12-10,Yes,,,
381,Hi-End Diesel Truck Repair Inc.,"1123 Lorimar Dr, Mississauga, ON L5S 1M5",,IT Services,Reception Desk Printer setup + IP Phone setup,#1565 #1564,2022-12-02,Yes,,,
382,MetroX,"13959 Airport Road, Caledon Ontario, L7C 2X6",,IT Services,"7 Yealink Phones
Cabling - 15 Network Ports installed",,2022-11-25,Yes,,,
383,Galaxy Flooring and Renovation,"21, Regan Road, Unit H&I - Brampton, ON, L7A 1C5
Phone: (905) 840-0222",,IT Services,Windows Upgraded from Home to Professional,,2022-11-17,Yes,,,
384,Gracious Hardwood Flooring Inc.,"72 Devon Rd, Brampton, ON L6T 5B4",,IT Services,"System not booting. Replaced System but used same old drive.
Machine Details : Lenovo Desktop , i5-4570 (CPU), RAM 8.00 GB
(Old HDD had windows and users data already)",,2022-10-31,Yes,,,
